State,City,Case_Type,Resource_Name,Resource_Type,Contact
Andhra Pradesh,Guntur,Child Abuse,District Legal Services Authority - Guntur 87,District Legal Services Authority,+91-8214642551
Gujarat,Ahmedabad,Domestic Violence,Childline - Ahmedabad 48,Childline,+91-8470174827
Maharashtra,Mumbai,Domestic Violence,Elder Help NGO - Mumbai 7,Elder Help NGO,+91-8738929975
Madhya Pradesh,Jabalpur,Caste Discrimination,Legal Aid NGO - Jabalpur 60,Legal Aid NGO,+91-9863962864
Assam,Guwahati,Senior Citizen Abuse,District Legal Services Authority - Guwahati 99,District Legal Services Authority,+91-8591083897
Gujarat,Ahmedabad,Senior Citizen Abuse,Legal Aid NGO - Ahmedabad 49,Legal Aid NGO,+91-8624177140
Gujarat,Vadodara,Caste Discrimination,Cyber Helpline - Vadodara 4,Cyber Helpline,+91-8712852828
Punjab,Chandigarh,Senior Citizen Abuse,Elder Help NGO - Chandigarh 29,Elder Help NGO,+91-8102608468
Jammu & Kashmir,Srinagar,Sexual Harassment,Childline - Srinagar 91,Childline,+91-7366048743
Madhya Pradesh,Jabalpur,Cyber Crime,Cyber Helpline - Jabalpur 59,Cyber Helpline,+91-9181663311
Jammu & Kashmir,Srinagar,Domestic Violence,Legal Aid NGO - Srinagar 47,Legal Aid NGO,+91-8386428083
Bihar,Gaya,Child Abuse,Women's Helpline - Gaya 19,Women's Helpline,+91-9248468075
Maharashtra,Pune,Caste Discrimination,Cyber Helpline - Pune 10,Cyber Helpline,+91-7022212985
Andhra Pradesh,Visakhapatnam,Dowry,Legal Clinic - Visakhapatnam 63,Legal Clinic,+91-7509399941
West Bengal,Siliguri,Child Abuse,Cyber Helpline - Siliguri 25,Cyber Helpline,+91-8454982554
Punjab,Chandigarh,Child Abuse,Elder Help NGO - Chandigarh 53,Elder Help NGO,+91-7981068430
Bihar,Gaya,Child Abuse,Legal Clinic - Gaya 96,Legal Clinic,+91-9984006042
Delhi,New Delhi,Senior Citizen Abuse,Legal Clinic - New Delhi 36,Legal Clinic,+91-9050328332
Telangana,Warangal,Senior Citizen Abuse,Cyber Helpline - Warangal 58,Cyber Helpline,+91-9693631245
Haryana,Faridabad,Domestic Violence,Childline - Faridabad 87,Childline,+91-9923371380
Gujarat,Ahmedabad,Domestic Violence,Legal Clinic - Ahmedabad 6,Legal Clinic,+91-8801023817
Chhattisgarh,Raipur,Property Dispute,District Legal Services Authority - Raipur 68,District Legal Services Authority,+91-9653088992
Punjab,Ludhiana,Senior Citizen Abuse,Legal Aid NGO - Ludhiana 53,Legal Aid NGO,+91-9945485235
Chhattisgarh,Bilaspur,Domestic Violence,Legal Aid NGO - Bilaspur 88,Legal Aid NGO,+91-7732030868
Uttar Pradesh,Kanpur,Senior Citizen Abuse,Legal Clinic - Kanpur 28,Legal Clinic,+91-7500947678
Gujarat,Vadodara,Sexual Harassment,Legal Clinic - Vadodara 97,Legal Clinic,+91-9800375086
West Bengal,Howrah,Domestic Violence,Elder Help NGO - Howrah 68,Elder Help NGO,+91-8288411782
Maharashtra,Mumbai,Sexual Harassment,Cyber Helpline - Mumbai 48,Cyber Helpline,+91-8555675231
Jammu & Kashmir,Jammu,Property Dispute,Women's Helpline - Jammu 58,Women's Helpline,+91-9981543386
Assam,Dibrugarh,Child Abuse,District Legal Services Authority - Dibrugarh 58,District Legal Services Authority,+91-8719519216
Andhra Pradesh,Guntur,Child Abuse,Cyber Helpline - Guntur 41,Cyber Helpline,+91-9784121600
West Bengal,Kolkata,Child Abuse,Legal Aid NGO - Kolkata 19,Legal Aid NGO,+91-8997705652
Rajasthan,Jodhpur,Senior Citizen Abuse,Childline - Jodhpur 75,Childline,+91-7356761278
Chhattisgarh,Durg,Domestic Violence,Elder Help NGO - Durg 70,Elder Help NGO,+91-8562376399
Uttar Pradesh,Varanasi,Caste Discrimination,Legal Clinic - Varanasi 18,Legal Clinic,+91-7739373085
Assam,Guwahati,Cyber Crime,Childline - Guwahati 81,Childline,+91-8708639387
Assam,Dibrugarh,Domestic Violence,Legal Aid NGO - Dibrugarh 8,Legal Aid NGO,+91-8513085412
Odisha,Bhubaneswar,Sexual Harassment,Legal Clinic - Bhubaneswar 53,Legal Clinic,+91-8280362348
Tamil Nadu,Madurai,Child Abuse,Women's Helpline - Madurai 1,Women's Helpline,+91-7490961199
Kerala,Kochi,Sexual Harassment,Childline - Kochi 4,Childline,+91-9406006654
Andhra Pradesh,Visakhapatnam,Caste Discrimination,Legal Clinic - Visakhapatnam 58,Legal Clinic,+91-7783545916
Uttar Pradesh,Varanasi,Senior Citizen Abuse,District Legal Services Authority - Varanasi 57,District Legal Services Authority,+91-9709272662
Bihar,Patna,Sexual Harassment,Legal Clinic - Patna 78,Legal Clinic,+91-9645873482
Jammu & Kashmir,Jammu,Cyber Crime,Childline - Jammu 38,Childline,+91-9394333303
Jammu & Kashmir,Srinagar,Cyber Crime,District Legal Services Authority - Srinagar 36,District Legal Services Authority,+91-9124696633
Haryana,Faridabad,Cyber Crime,District Legal Services Authority - Faridabad 86,District Legal Services Authority,+91-7891197822
Jharkhand,Dhanbad,Cyber Crime,Childline - Dhanbad 43,Childline,+91-7117188345
Odisha,Bhubaneswar,Child Abuse,Women's Helpline - Bhubaneswar 24,Women's Helpline,+91-8001346276
Delhi,New Delhi,Domestic Violence,Cyber Helpline - New Delhi 9,Cyber Helpline,+91-7512317965
Jharkhand,Dhanbad,Property Dispute,Women's Helpline - Dhanbad 83,Women's Helpline,+91-7622950007
Uttar Pradesh,Lucknow,Senior Citizen Abuse,District Legal Services Authority - Lucknow 90,District Legal Services Authority,+91-8223486446
Chhattisgarh,Durg,Dowry,Cyber Helpline - Durg 54,Cyber Helpline,+91-9314625137
Gujarat,Surat,Domestic Violence,District Legal Services Authority - Surat 21,District Legal Services Authority,+91-9345118923
Karnataka,Mangalore,Cyber Crime,District Legal Services Authority - Mangalore 6,District Legal Services Authority,+91-9512953661
Jharkhand,Ranchi,Property Dispute,Childline - Ranchi 85,Childline,+91-8093689233
Rajasthan,Jaipur,Caste Discrimination,Elder Help NGO - Jaipur 43,Elder Help NGO,+91-8000569013
Haryana,Panipat,Child Abuse,Legal Clinic - Panipat 30,Legal Clinic,+91-7205910436
Rajasthan,Jaipur,Sexual Harassment,Women's Helpline - Jaipur 77,Women's Helpline,+91-9234647380
Karnataka,Bengaluru,Dowry,Women's Helpline - Bengaluru 63,Women's Helpline,+91-9092785311
Rajasthan,Jodhpur,Sexual Harassment,Legal Clinic - Jodhpur 16,Legal Clinic,+91-7647306312
Uttar Pradesh,Varanasi,Senior Citizen Abuse,Legal Clinic - Varanasi 49,Legal Clinic,+91-9861556151
Maharashtra,Mumbai,Caste Discrimination,District Legal Services Authority - Mumbai 50,District Legal Services Authority,+91-8761213582
Assam,Guwahati,Child Abuse,Cyber Helpline - Guwahati 32,Cyber Helpline,+91-7972006358
Uttar Pradesh,Lucknow,Cyber Crime,Legal Aid NGO - Lucknow 92,Legal Aid NGO,+91-7502612928
Maharashtra,Nagpur,Caste Discrimination,Legal Clinic - Nagpur 77,Legal Clinic,+91-8838997733
Karnataka,Mangalore,Sexual Harassment,District Legal Services Authority - Mangalore 96,District Legal Services Authority,+91-7498415244
West Bengal,Howrah,Domestic Violence,Women's Helpline - Howrah 48,Women's Helpline,+91-9172783922
Maharashtra,Pune,Senior Citizen Abuse,District Legal Services Authority - Pune 86,District Legal Services Authority,+91-8627463248
Uttar Pradesh,Varanasi,Domestic Violence,Childline - Varanasi 33,Childline,+91-8994250999
Assam,Guwahati,Caste Discrimination,Legal Aid NGO - Guwahati 41,Legal Aid NGO,+91-7544817072
Karnataka,Mangalore,Domestic Violence,Legal Aid NGO - Mangalore 88,Legal Aid NGO,+91-8615386258
Tamil Nadu,Madurai,Senior Citizen Abuse,Elder Help NGO - Madurai 40,Elder Help NGO,+91-8272285834
Karnataka,Bengaluru,Child Abuse,Legal Aid NGO - Bengaluru 39,Legal Aid NGO,+91-8110205840
Andhra Pradesh,Vijayawada,Sexual Harassment,Legal Clinic - Vijayawada 7,Legal Clinic,+91-9836105131
Rajasthan,Jaipur,Property Dispute,Legal Aid NGO - Jaipur 93,Legal Aid NGO,+91-9028051351
Jharkhand,Jamshedpur,Senior Citizen Abuse,Childline - Jamshedpur 44,Childline,+91-7843465514
West Bengal,Siliguri,Caste Discrimination,Women's Helpline - Siliguri 73,Women's Helpline,+91-8979042302
Jammu & Kashmir,Srinagar,Cyber Crime,Cyber Helpline - Srinagar 91,Cyber Helpline,+91-9908071848
Delhi,New Delhi,Senior Citizen Abuse,Legal Aid NGO - New Delhi 39,Legal Aid NGO,+91-9563506563
Odisha,Rourkela,Child Abuse,Cyber Helpline - Rourkela 90,Cyber Helpline,+91-7815625979
Jharkhand,Dhanbad,Dowry,Elder Help NGO - Dhanbad 58,Elder Help NGO,+91-8664978637
Punjab,Ludhiana,Caste Discrimination,Childline - Ludhiana 90,Childline,+91-8911103520
Madhya Pradesh,Indore,Domestic Violence,Cyber Helpline - Indore 54,Cyber Helpline,+91-8653233332
West Bengal,Kolkata,Domestic Violence,Legal Aid NGO - Kolkata 30,Legal Aid NGO,+91-8686821763
Maharashtra,Nagpur,Senior Citizen Abuse,Cyber Helpline - Nagpur 61,Cyber Helpline,+91-7449415265
Odisha,Bhubaneswar,Senior Citizen Abuse,District Legal Services Authority - Bhubaneswar 58,District Legal Services Authority,+91-9679430301
Odisha,Bhubaneswar,Sexual Harassment,Women's Helpline - Bhubaneswar 36,Women's Helpline,+91-8964745956
Madhya Pradesh,Jabalpur,Senior Citizen Abuse,Legal Aid NGO - Jabalpur 93,Legal Aid NGO,+91-7661020630
Jharkhand,Jamshedpur,Dowry,Elder Help NGO - Jamshedpur 3,Elder Help NGO,+91-8915025281
Jammu & Kashmir,Srinagar,Property Dispute,Women's Helpline - Srinagar 71,Women's Helpline,+91-7987780443
Rajasthan,Jaipur,Senior Citizen Abuse,Elder Help NGO - Jaipur 24,Elder Help NGO,+91-8629022278
Punjab,Ludhiana,Dowry,Cyber Helpline - Ludhiana 20,Cyber Helpline,+91-9298218407
Karnataka,Mysore,Dowry,Elder Help NGO - Mysore 69,Elder Help NGO,+91-8230736291
Chhattisgarh,Bilaspur,Dowry,Legal Aid NGO - Bilaspur 47,Legal Aid NGO,+91-7497544353
Jharkhand,Ranchi,Property Dispute,District Legal Services Authority - Ranchi 10,District Legal Services Authority,+91-8353042188
Punjab,Amritsar,Domestic Violence,Women's Helpline - Amritsar 88,Women's Helpline,+91-7176283737
West Bengal,Siliguri,Domestic Violence,Legal Aid NGO - Siliguri 73,Legal Aid NGO,+91-8991631184
Assam,Guwahati,Sexual Harassment,Legal Clinic - Guwahati 84,Legal Clinic,+91-8833353904
Tamil Nadu,Madurai,Cyber Crime,Women's Helpline - Madurai 61,Women's Helpline,+91-9822990033
Jharkhand,Jamshedpur,Sexual Harassment,Women's Helpline - Jamshedpur 76,Women's Helpline,+91-9002527823
Kerala,Kozhikode,Domestic Violence,Elder Help NGO - Kozhikode 45,Elder Help NGO,+91-7984687150
Jharkhand,Ranchi,Domestic Violence,Cyber Helpline - Ranchi 44,Cyber Helpline,+91-7468621400
Jharkhand,Jamshedpur,Caste Discrimination,Cyber Helpline - Jamshedpur 52,Cyber Helpline,+91-7517470599
Jharkhand,Dhanbad,Property Dispute,Cyber Helpline - Dhanbad 15,Cyber Helpline,+91-8215361014
Chhattisgarh,Durg,Dowry,Elder Help NGO - Durg 2,Elder Help NGO,+91-8557229038
Bihar,Patna,Cyber Crime,Elder Help NGO - Patna 99,Elder Help NGO,+91-9341860116
Assam,Guwahati,Cyber Crime,District Legal Services Authority - Guwahati 74,District Legal Services Authority,+91-7155714230
Bihar,Patna,Property Dispute,Women's Helpline - Patna 79,Women's Helpline,+91-9979092136
Madhya Pradesh,Jabalpur,Child Abuse,Legal Clinic - Jabalpur 84,Legal Clinic,+91-9192373008
Maharashtra,Pune,Sexual Harassment,Legal Clinic - Pune 50,Legal Clinic,+91-8616010381
West Bengal,Siliguri,Caste Discrimination,Childline - Siliguri 25,Childline,+91-9946049384
Uttar Pradesh,Varanasi,Cyber Crime,Elder Help NGO - Varanasi 37,Elder Help NGO,+91-7391725797
Punjab,Chandigarh,Domestic Violence,Cyber Helpline - Chandigarh 45,Cyber Helpline,+91-8636653762
Jammu & Kashmir,Jammu,Dowry,Women's Helpline - Jammu 72,Women's Helpline,+91-7698289230
Telangana,Nizamabad,Property Dispute,Cyber Helpline - Nizamabad 70,Cyber Helpline,+91-7064590076
Haryana,Gurgaon,Domestic Violence,Elder Help NGO - Gurgaon 41,Elder Help NGO,+91-8494790761
Tamil Nadu,Coimbatore,Cyber Crime,Childline - Coimbatore 29,Childline,+91-9639317290
West Bengal,Kolkata,Senior Citizen Abuse,Cyber Helpline - Kolkata 15,Cyber Helpline,+91-8579677801
Jammu & Kashmir,Srinagar,Senior Citizen Abuse,Women's Helpline - Srinagar 27,Women's Helpline,+91-7314365943
Tamil Nadu,Chennai,Domestic Violence,Women's Helpline - Chennai 85,Women's Helpline,+91-9667910509
Jammu & Kashmir,Jammu,Dowry,Legal Aid NGO - Jammu 55,Legal Aid NGO,+91-9121125066
West Bengal,Howrah,Cyber Crime,Elder Help NGO - Howrah 46,Elder Help NGO,+91-9898422739
Rajasthan,Jodhpur,Property Dispute,Cyber Helpline - Jodhpur 73,Cyber Helpline,+91-9357058662
Bihar,Gaya,Dowry,Women's Helpline - Gaya 1,Women's Helpline,+91-8179636092
Karnataka,Bengaluru,Sexual Harassment,District Legal Services Authority - Bengaluru 85,District Legal Services Authority,+91-8638111396
Karnataka,Bengaluru,Domestic Violence,Cyber Helpline - Bengaluru 29,Cyber Helpline,+91-7913087192
Haryana,Gurgaon,Caste Discrimination,Legal Aid NGO - Gurgaon 10,Legal Aid NGO,+91-9715467930
Assam,Silchar,Domestic Violence,Legal Aid NGO - Silchar 3,Legal Aid NGO,+91-8988750862
Karnataka,Bengaluru,Sexual Harassment,Legal Aid NGO - Bengaluru 25,Legal Aid NGO,+91-7910204811
Jammu & Kashmir,Srinagar,Dowry,Women's Helpline - Srinagar 96,Women's Helpline,+91-7610536846
Jharkhand,Ranchi,Domestic Violence,Childline - Ranchi 95,Childline,+91-8012698473
Rajasthan,Udaipur,Sexual Harassment,District Legal Services Authority - Udaipur 28,District Legal Services Authority,+91-9696478733
Andhra Pradesh,Vijayawada,Caste Discrimination,Women's Helpline - Vijayawada 53,Women's Helpline,+91-9022043538
Uttar Pradesh,Varanasi,Senior Citizen Abuse,Legal Clinic - Varanasi 43,Legal Clinic,+91-7372825761
Uttar Pradesh,Kanpur,Cyber Crime,Cyber Helpline - Kanpur 8,Cyber Helpline,+91-7140033428
Andhra Pradesh,Visakhapatnam,Child Abuse,Cyber Helpline - Visakhapatnam 54,Cyber Helpline,+91-7754733361
Chhattisgarh,Bilaspur,Caste Discrimination,Cyber Helpline - Bilaspur 94,Cyber Helpline,+91-9142429650
Punjab,Ludhiana,Property Dispute,Childline - Ludhiana 15,Childline,+91-7103566946
Madhya Pradesh,Indore,Cyber Crime,Legal Aid NGO - Indore 59,Legal Aid NGO,+91-8806982679
Telangana,Warangal,Caste Discrimination,Elder Help NGO - Warangal 7,Elder Help NGO,+91-9640190826
Rajasthan,Jaipur,Child Abuse,Women's Helpline - Jaipur 72,Women's Helpline,+91-8869191057
Karnataka,Bengaluru,Dowry,Cyber Helpline - Bengaluru 92,Cyber Helpline,+91-8363704976
Rajasthan,Jaipur,Caste Discrimination,Elder Help NGO - Jaipur 50,Elder Help NGO,+91-7163809128
Kerala,Thiruvananthapuram,Child Abuse,Cyber Helpline - Thiruvananthapuram 67,Cyber Helpline,+91-7430036939
West Bengal,Howrah,Caste Discrimination,Cyber Helpline - Howrah 49,Cyber Helpline,+91-7980902853
Punjab,Amritsar,Domestic Violence,Childline - Amritsar 90,Childline,+91-8916017700
Telangana,Hyderabad,Dowry,Childline - Hyderabad 94,Childline,+91-9613355777
Andhra Pradesh,Guntur,Child Abuse,District Legal Services Authority - Guntur 35,District Legal Services Authority,+91-8111888483
Gujarat,Ahmedabad,Domestic Violence,Women's Helpline - Ahmedabad 94,Women's Helpline,+91-9625980183
Kerala,Kochi,Domestic Violence,Legal Clinic - Kochi 14,Legal Clinic,+91-9876882233
Bihar,Gaya,Cyber Crime,Childline - Gaya 12,Childline,+91-7055995690
Telangana,Nizamabad,Cyber Crime,Legal Aid NGO - Nizamabad 10,Legal Aid NGO,+91-8367606915
Odisha,Cuttack,Caste Discrimination,Legal Clinic - Cuttack 97,Legal Clinic,+91-7529631796
Jharkhand,Ranchi,Caste Discrimination,Legal Aid NGO - Ranchi 44,Legal Aid NGO,+91-8669394165
Telangana,Warangal,Dowry,District Legal Services Authority - Warangal 4,District Legal Services Authority,+91-9850269303
Uttar Pradesh,Varanasi,Child Abuse,Childline - Varanasi 30,Childline,+91-9270274325
Karnataka,Bengaluru,Senior Citizen Abuse,District Legal Services Authority - Bengaluru 24,District Legal Services Authority,+91-7045388246
Andhra Pradesh,Guntur,Child Abuse,Childline - Guntur 74,Childline,+91-8286079118
Gujarat,Surat,Child Abuse,Legal Aid NGO - Surat 17,Legal Aid NGO,+91-9026955885
Chhattisgarh,Bilaspur,Sexual Harassment,District Legal Services Authority - Bilaspur 44,District Legal Services Authority,+91-8584583955
Tamil Nadu,Madurai,Child Abuse,Legal Clinic - Madurai 56,Legal Clinic,+91-8447688160
Tamil Nadu,Coimbatore,Senior Citizen Abuse,Women's Helpline - Coimbatore 13,Women's Helpline,+91-9020698296
Madhya Pradesh,Jabalpur,Cyber Crime,Childline - Jabalpur 51,Childline,+91-9107703707
Telangana,Warangal,Cyber Crime,Women's Helpline - Warangal 41,Women's Helpline,+91-9299026330
Rajasthan,Jodhpur,Property Dispute,Women's Helpline - Jodhpur 92,Women's Helpline,+91-7162900918
Jharkhand,Ranchi,Senior Citizen Abuse,District Legal Services Authority - Ranchi 66,District Legal Services Authority,+91-7857833092
Jammu & Kashmir,Srinagar,Caste Discrimination,Elder Help NGO - Srinagar 78,Elder Help NGO,+91-7791018852
Kerala,Kochi,Dowry,Women's Helpline - Kochi 25,Women's Helpline,+91-8192536120
Kerala,Thiruvananthapuram,Child Abuse,District Legal Services Authority - Thiruvananthapuram 80,District Legal Services Authority,+91-8036280695
Jammu & Kashmir,Srinagar,Domestic Violence,Legal Aid NGO - Srinagar 14,Legal Aid NGO,+91-9842504626
Jharkhand,Jamshedpur,Caste Discrimination,Cyber Helpline - Jamshedpur 1,Cyber Helpline,+91-9537811843
Jharkhand,Dhanbad,Child Abuse,District Legal Services Authority - Dhanbad 21,District Legal Services Authority,+91-7933121097
Maharashtra,Mumbai,Cyber Crime,Women's Helpline - Mumbai 38,Women's Helpline,+91-8866412436
Telangana,Hyderabad,Domestic Violence,Women's Helpline - Hyderabad 7,Women's Helpline,+91-8313477937
Delhi,New Delhi,Domestic Violence,Elder Help NGO - New Delhi 50,Elder Help NGO,+91-9965990283
Jammu & Kashmir,Jammu,Property Dispute,Elder Help NGO - Jammu 22,Elder Help NGO,+91-8253376760
Rajasthan,Udaipur,Caste Discrimination,Legal Aid NGO - Udaipur 75,Legal Aid NGO,+91-7658204236
Assam,Silchar,Senior Citizen Abuse,Legal Clinic - Silchar 65,Legal Clinic,+91-9849211077
Telangana,Hyderabad,Dowry,Legal Aid NGO - Hyderabad 25,Legal Aid NGO,+91-9576352322
Maharashtra,Mumbai,Cyber Crime,District Legal Services Authority - Mumbai 78,District Legal Services Authority,+91-9710263604
Bihar,Gaya,Domestic Violence,Elder Help NGO - Gaya 11,Elder Help NGO,+91-9135644639
Madhya Pradesh,Indore,Child Abuse,Women's Helpline - Indore 2,Women's Helpline,+91-7319789905
Bihar,Gaya,Domestic Violence,Legal Clinic - Gaya 96,Legal Clinic,+91-8970718920
Chhattisgarh,Durg,Senior Citizen Abuse,Legal Clinic - Durg 68,Legal Clinic,+91-7181184447
Bihar,Patna,Domestic Violence,Childline - Patna 83,Childline,+91-8173058990
Rajasthan,Jaipur,Domestic Violence,District Legal Services Authority - Jaipur 84,District Legal Services Authority,+91-8504998861
Rajasthan,Jodhpur,Dowry,Women's Helpline - Jodhpur 92,Women's Helpline,+91-9299175313
Delhi,New Delhi,Caste Discrimination,District Legal Services Authority - New Delhi 87,District Legal Services Authority,+91-7652572027
Rajasthan,Udaipur,Dowry,Legal Clinic - Udaipur 56,Legal Clinic,+91-9246494801
Kerala,Kochi,Cyber Crime,Legal Aid NGO - Kochi 9,Legal Aid NGO,+91-9286257248
Punjab,Amritsar,Dowry,Cyber Helpline - Amritsar 60,Cyber Helpline,+91-7655030058
Telangana,Nizamabad,Dowry,Cyber Helpline - Nizamabad 49,Cyber Helpline,+91-9663770616
Madhya Pradesh,Indore,Caste Discrimination,Cyber Helpline - Indore 15,Cyber Helpline,+91-8866585806
Maharashtra,Pune,Domestic Violence,District Legal Services Authority - Pune 53,District Legal Services Authority,+91-7167916165
West Bengal,Kolkata,Child Abuse,Legal Clinic - Kolkata 38,Legal Clinic,+91-8555161904
Telangana,Hyderabad,Domestic Violence,Cyber Helpline - Hyderabad 49,Cyber Helpline,+91-7361956167
Bihar,Bhagalpur,Dowry,Cyber Helpline - Bhagalpur 83,Cyber Helpline,+91-7241383141
Punjab,Chandigarh,Caste Discrimination,Elder Help NGO - Chandigarh 72,Elder Help NGO,+91-9328001766
Jharkhand,Ranchi,Cyber Crime,Childline - Ranchi 9,Childline,+91-7336713482
Kerala,Thiruvananthapuram,Cyber Crime,Cyber Helpline - Thiruvananthapuram 5,Cyber Helpline,+91-8743279000
Bihar,Gaya,Senior Citizen Abuse,Women's Helpline - Gaya 32,Women's Helpline,+91-8507525137
Gujarat,Surat,Property Dispute,Elder Help NGO - Surat 11,Elder Help NGO,+91-8337053259
Bihar,Gaya,Dowry,Elder Help NGO - Gaya 28,Elder Help NGO,+91-9960137060
Kerala,Kozhikode,Senior Citizen Abuse,Cyber Helpline - Kozhikode 5,Cyber Helpline,+91-8661302817
Rajasthan,Udaipur,Senior Citizen Abuse,Elder Help NGO - Udaipur 56,Elder Help NGO,+91-7015723645
Jharkhand,Ranchi,Cyber Crime,Legal Aid NGO - Ranchi 25,Legal Aid NGO,+91-9036148562
Madhya Pradesh,Bhopal,Caste Discrimination,Elder Help NGO - Bhopal 5,Elder Help NGO,+91-9105269554
Chhattisgarh,Bilaspur,Sexual Harassment,Women's Helpline - Bilaspur 22,Women's Helpline,+91-7736060911
Madhya Pradesh,Indore,Caste Discrimination,Elder Help NGO - Indore 16,Elder Help NGO,+91-8351901268
Odisha,Cuttack,Child Abuse,Elder Help NGO - Cuttack 54,Elder Help NGO,+91-9402014254
Karnataka,Bengaluru,Domestic Violence,Legal Aid NGO - Bengaluru 23,Legal Aid NGO,+91-8262322766
Andhra Pradesh,Guntur,Child Abuse,Elder Help NGO - Guntur 10,Elder Help NGO,+91-7929084839
West Bengal,Siliguri,Domestic Violence,Women's Helpline - Siliguri 56,Women's Helpline,+91-8345856469
Madhya Pradesh,Bhopal,Senior Citizen Abuse,District Legal Services Authority - Bhopal 70,District Legal Services Authority,+91-8205930958
Telangana,Hyderabad,Property Dispute,Elder Help NGO - Hyderabad 21,Elder Help NGO,+91-7437873666
Delhi,New Delhi,Cyber Crime,Legal Clinic - New Delhi 96,Legal Clinic,+91-7549923948
Odisha,Rourkela,Senior Citizen Abuse,District Legal Services Authority - Rourkela 88,District Legal Services Authority,+91-9209388142
Haryana,Gurgaon,Senior Citizen Abuse,Legal Clinic - Gurgaon 3,Legal Clinic,+91-9668878029
Karnataka,Bengaluru,Child Abuse,Legal Aid NGO - Bengaluru 43,Legal Aid NGO,+91-7794040594
Madhya Pradesh,Jabalpur,Dowry,Cyber Helpline - Jabalpur 53,Cyber Helpline,+91-8357226397
Gujarat,Surat,Cyber Crime,Legal Clinic - Surat 70,Legal Clinic,+91-7269258099
Telangana,Nizamabad,Property Dispute,Childline - Nizamabad 71,Childline,+91-8327711403
Chhattisgarh,Durg,Cyber Crime,Women's Helpline - Durg 94,Women's Helpline,+91-7575118414
Assam,Dibrugarh,Caste Discrimination,Cyber Helpline - Dibrugarh 23,Cyber Helpline,+91-8168646736
Jharkhand,Ranchi,Cyber Crime,Cyber Helpline - Ranchi 53,Cyber Helpline,+91-7576946883
Telangana,Hyderabad,Property Dispute,Legal Aid NGO - Hyderabad 43,Legal Aid NGO,+91-9836719798
Jharkhand,Dhanbad,Senior Citizen Abuse,Women's Helpline - Dhanbad 91,Women's Helpline,+91-9569126904
Rajasthan,Udaipur,Child Abuse,Cyber Helpline - Udaipur 55,Cyber Helpline,+91-7748429906
Uttar Pradesh,Varanasi,Property Dispute,Cyber Helpline - Varanasi 88,Cyber Helpline,+91-9035323201
Maharashtra,Nagpur,Dowry,Childline - Nagpur 63,Childline,+91-7842261737
Kerala,Kochi,Cyber Crime,Cyber Helpline - Kochi 95,Cyber Helpline,+91-9368881291
Jharkhand,Ranchi,Property Dispute,Elder Help NGO - Ranchi 53,Elder Help NGO,+91-8002292124
Karnataka,Mysore,Domestic Violence,Childline - Mysore 44,Childline,+91-7372776704
Kerala,Kozhikode,Dowry,Elder Help NGO - Kozhikode 19,Elder Help NGO,+91-7659533707
Jammu & Kashmir,Srinagar,Sexual Harassment,District Legal Services Authority - Srinagar 91,District Legal Services Authority,+91-7308233912
Karnataka,Mysore,Child Abuse,Elder Help NGO - Mysore 11,Elder Help NGO,+91-8002390346
Uttar Pradesh,Kanpur,Sexual Harassment,Women's Helpline - Kanpur 77,Women's Helpline,+91-7707437286
Uttar Pradesh,Varanasi,Property Dispute,Elder Help NGO - Varanasi 63,Elder Help NGO,+91-9197129902
Haryana,Gurgaon,Cyber Crime,Childline - Gurgaon 98,Childline,+91-8914805146
Assam,Dibrugarh,Caste Discrimination,Legal Aid NGO - Dibrugarh 42,Legal Aid NGO,+91-8100607172
Madhya Pradesh,Indore,Caste Discrimination,Women's Helpline - Indore 34,Women's Helpline,+91-7840685927
Madhya Pradesh,Indore,Domestic Violence,Legal Clinic - Indore 58,Legal Clinic,+91-8264516540
West Bengal,Siliguri,Child Abuse,Elder Help NGO - Siliguri 55,Elder Help NGO,+91-8422075393
Bihar,Bhagalpur,Dowry,Women's Helpline - Bhagalpur 97,Women's Helpline,+91-9740097979
Odisha,Rourkela,Senior Citizen Abuse,Elder Help NGO - Rourkela 35,Elder Help NGO,+91-9104106348
Delhi,New Delhi,Child Abuse,Cyber Helpline - New Delhi 10,Cyber Helpline,+91-9254067907
Rajasthan,Udaipur,Cyber Crime,Elder Help NGO - Udaipur 14,Elder Help NGO,+91-8035827039
Punjab,Ludhiana,Senior Citizen Abuse,Childline - Ludhiana 54,Childline,+91-8516792266
Gujarat,Ahmedabad,Cyber Crime,Legal Aid NGO - Ahmedabad 53,Legal Aid NGO,+91-7268300207
Telangana,Warangal,Sexual Harassment,Elder Help NGO - Warangal 87,Elder Help NGO,+91-9136587130
Jharkhand,Dhanbad,Caste Discrimination,Legal Clinic - Dhanbad 6,Legal Clinic,+91-7292032160
Telangana,Nizamabad,Senior Citizen Abuse,Childline - Nizamabad 74,Childline,+91-7075210798
Odisha,Bhubaneswar,Dowry,Elder Help NGO - Bhubaneswar 28,Elder Help NGO,+91-9555718596
Uttar Pradesh,Varanasi,Dowry,District Legal Services Authority - Varanasi 5,District Legal Services Authority,+91-7165706633
Rajasthan,Udaipur,Caste Discrimination,Cyber Helpline - Udaipur 32,Cyber Helpline,+91-9057823744
Haryana,Gurgaon,Property Dispute,Elder Help NGO - Gurgaon 86,Elder Help NGO,+91-8013523478
Odisha,Bhubaneswar,Child Abuse,Legal Clinic - Bhubaneswar 66,Legal Clinic,+91-9537993650
Delhi,New Delhi,Cyber Crime,Childline - New Delhi 82,Childline,+91-7266116169
Uttar Pradesh,Kanpur,Caste Discrimination,Elder Help NGO - Kanpur 23,Elder Help NGO,+91-8838944805
Chhattisgarh,Durg,Sexual Harassment,Women's Helpline - Durg 87,Women's Helpline,+91-7069717771
Maharashtra,Pune,Child Abuse,Legal Clinic - Pune 73,Legal Clinic,+91-7828818329
Punjab,Amritsar,Caste Discrimination,Cyber Helpline - Amritsar 48,Cyber Helpline,+91-7535785152
Telangana,Nizamabad,Property Dispute,Elder Help NGO - Nizamabad 83,Elder Help NGO,+91-7805119886
Tamil Nadu,Coimbatore,Sexual Harassment,Legal Aid NGO - Coimbatore 77,Legal Aid NGO,+91-8295620291
Delhi,New Delhi,Property Dispute,Elder Help NGO - New Delhi 88,Elder Help NGO,+91-9584180998
Maharashtra,Nagpur,Child Abuse,Elder Help NGO - Nagpur 13,Elder Help NGO,+91-9044625135
Bihar,Gaya,Child Abuse,District Legal Services Authority - Gaya 47,District Legal Services Authority,+91-7966617431
Assam,Silchar,Property Dispute,Legal Clinic - Silchar 50,Legal Clinic,+91-9391602032
Gujarat,Surat,Property Dispute,Elder Help NGO - Surat 82,Elder Help NGO,+91-7807671391
Jammu & Kashmir,Jammu,Caste Discrimination,Legal Aid NGO - Jammu 8,Legal Aid NGO,+91-8163263432
West Bengal,Siliguri,Domestic Violence,District Legal Services Authority - Siliguri 49,District Legal Services Authority,+91-9574162815
Assam,Silchar,Senior Citizen Abuse,Childline - Silchar 87,Childline,+91-9132816324
Madhya Pradesh,Bhopal,Sexual Harassment,Legal Clinic - Bhopal 78,Legal Clinic,+91-8577498427
Madhya Pradesh,Jabalpur,Property Dispute,Legal Aid NGO - Jabalpur 81,Legal Aid NGO,+91-8547891009
Assam,Silchar,Sexual Harassment,District Legal Services Authority - Silchar 89,District Legal Services Authority,+91-8347641757
Gujarat,Vadodara,Senior Citizen Abuse,Legal Clinic - Vadodara 85,Legal Clinic,+91-8428972070
Jharkhand,Jamshedpur,Sexual Harassment,Legal Clinic - Jamshedpur 13,Legal Clinic,+91-9594697364
Rajasthan,Jaipur,Cyber Crime,District Legal Services Authority - Jaipur 3,District Legal Services Authority,+91-8100144580
Andhra Pradesh,Visakhapatnam,Sexual Harassment,Women's Helpline - Visakhapatnam 19,Women's Helpline,+91-9777563072
Punjab,Ludhiana,Cyber Crime,Legal Aid NGO - Ludhiana 71,Legal Aid NGO,+91-9586175042
Kerala,Thiruvananthapuram,Domestic Violence,Women's Helpline - Thiruvananthapuram 35,Women's Helpline,+91-8559780685
Delhi,New Delhi,Dowry,District Legal Services Authority - New Delhi 42,District Legal Services Authority,+91-8890958601
Punjab,Amritsar,Senior Citizen Abuse,Legal Clinic - Amritsar 37,Legal Clinic,+91-9231665565
Jammu & Kashmir,Jammu,Sexual Harassment,Elder Help NGO - Jammu 54,Elder Help NGO,+91-8801132820
Tamil Nadu,Coimbatore,Dowry,District Legal Services Authority - Coimbatore 93,District Legal Services Authority,+91-7033586395
Odisha,Bhubaneswar,Caste Discrimination,Legal Clinic - Bhubaneswar 85,Legal Clinic,+91-8926346288
Odisha,Rourkela,Sexual Harassment,Cyber Helpline - Rourkela 49,Cyber Helpline,+91-9690038996
Uttar Pradesh,Varanasi,Domestic Violence,Elder Help NGO - Varanasi 60,Elder Help NGO,+91-9773499621
West Bengal,Siliguri,Dowry,District Legal Services Authority - Siliguri 26,District Legal Services Authority,+91-8425471002
Odisha,Cuttack,Property Dispute,Childline - Cuttack 65,Childline,+91-8471740395
Telangana,Nizamabad,Senior Citizen Abuse,Legal Aid NGO - Nizamabad 91,Legal Aid NGO,+91-7722353429
Punjab,Amritsar,Dowry,Cyber Helpline - Amritsar 10,Cyber Helpline,+91-7251354503
Haryana,Panipat,Cyber Crime,Legal Clinic - Panipat 43,Legal Clinic,+91-8656111441
Maharashtra,Pune,Domestic Violence,Women's Helpline - Pune 56,Women's Helpline,+91-8103913618
Jammu & Kashmir,Jammu,Dowry,Women's Helpline - Jammu 99,Women's Helpline,+91-9101589001
Karnataka,Bengaluru,Dowry,Childline - Bengaluru 41,Childline,+91-8037474320
Kerala,Kozhikode,Senior Citizen Abuse,District Legal Services Authority - Kozhikode 7,District Legal Services Authority,+91-9266944189
West Bengal,Howrah,Caste Discrimination,Cyber Helpline - Howrah 14,Cyber Helpline,+91-9483596106
Madhya Pradesh,Indore,Domestic Violence,Legal Clinic - Indore 16,Legal Clinic,+91-8171795595
Karnataka,Mangalore,Cyber Crime,Childline - Mangalore 82,Childline,+91-8578696953
Uttar Pradesh,Varanasi,Property Dispute,Elder Help NGO - Varanasi 3,Elder Help NGO,+91-8899440021
Gujarat,Vadodara,Cyber Crime,Legal Aid NGO - Vadodara 25,Legal Aid NGO,+91-7387381573
Andhra Pradesh,Guntur,Caste Discrimination,Elder Help NGO - Guntur 45,Elder Help NGO,+91-7218330803
Kerala,Thiruvananthapuram,Property Dispute,District Legal Services Authority - Thiruvananthapuram 32,District Legal Services Authority,+91-9283498979
Kerala,Kozhikode,Dowry,Cyber Helpline - Kozhikode 56,Cyber Helpline,+91-9575587473
Rajasthan,Jaipur,Senior Citizen Abuse,Women's Helpline - Jaipur 3,Women's Helpline,+91-8683960427
Andhra Pradesh,Visakhapatnam,Caste Discrimination,Elder Help NGO - Visakhapatnam 6,Elder Help NGO,+91-9993417271
Chhattisgarh,Bilaspur,Child Abuse,Legal Clinic - Bilaspur 88,Legal Clinic,+91-9071879821
Kerala,Thiruvananthapuram,Cyber Crime,Legal Clinic - Thiruvananthapuram 17,Legal Clinic,+91-8162324810
Assam,Silchar,Senior Citizen Abuse,Childline - Silchar 75,Childline,+91-7912558114
Kerala,Thiruvananthapuram,Domestic Violence,Cyber Helpline - Thiruvananthapuram 22,Cyber Helpline,+91-9318468570
Jharkhand,Jamshedpur,Sexual Harassment,Legal Aid NGO - Jamshedpur 50,Legal Aid NGO,+91-8430792301
Gujarat,Ahmedabad,Property Dispute,Cyber Helpline - Ahmedabad 2,Cyber Helpline,+91-8254529308
Gujarat,Vadodara,Caste Discrimination,District Legal Services Authority - Vadodara 27,District Legal Services Authority,+91-7504820394
Uttar Pradesh,Kanpur,Dowry,Women's Helpline - Kanpur 12,Women's Helpline,+91-9206958569
Chhattisgarh,Durg,Property Dispute,Childline - Durg 78,Childline,+91-8915559042
West Bengal,Howrah,Property Dispute,Childline - Howrah 79,Childline,+91-9501727794
Bihar,Gaya,Sexual Harassment,Women's Helpline - Gaya 48,Women's Helpline,+91-8860292203
Tamil Nadu,Madurai,Cyber Crime,Women's Helpline - Madurai 84,Women's Helpline,+91-7441521741
Bihar,Patna,Domestic Violence,Legal Clinic - Patna 10,Legal Clinic,+91-8576507149
Karnataka,Bengaluru,Sexual Harassment,Elder Help NGO - Bengaluru 49,Elder Help NGO,+91-9022024060
Haryana,Panipat,Sexual Harassment,Legal Aid NGO - Panipat 56,Legal Aid NGO,+91-8322863733
Gujarat,Vadodara,Child Abuse,Women's Helpline - Vadodara 31,Women's Helpline,+91-7421406826
Kerala,Thiruvananthapuram,Sexual Harassment,Cyber Helpline - Thiruvananthapuram 48,Cyber Helpline,+91-7471380064
Andhra Pradesh,Visakhapatnam,Caste Discrimination,Elder Help NGO - Visakhapatnam 34,Elder Help NGO,+91-8534829314
Maharashtra,Pune,Caste Discrimination,District Legal Services Authority - Pune 98,District Legal Services Authority,+91-9781651153
Gujarat,Vadodara,Sexual Harassment,Women's Helpline - Vadodara 58,Women's Helpline,+91-9544937532
Tamil Nadu,Madurai,Cyber Crime,Legal Aid NGO - Madurai 57,Legal Aid NGO,+91-7110311615
Telangana,Hyderabad,Property Dispute,Elder Help NGO - Hyderabad 40,Elder Help NGO,+91-8421814747
Punjab,Ludhiana,Dowry,Legal Clinic - Ludhiana 44,Legal Clinic,+91-7349759037
Maharashtra,Nagpur,Caste Discrimination,Legal Clinic - Nagpur 78,Legal Clinic,+91-7741056414
Assam,Guwahati,Dowry,Cyber Helpline - Guwahati 85,Cyber Helpline,+91-7269291182
Andhra Pradesh,Visakhapatnam,Sexual Harassment,Childline - Visakhapatnam 84,Childline,+91-7432806286
Bihar,Patna,Dowry,Legal Clinic - Patna 93,Legal Clinic,+91-7693889252
West Bengal,Howrah,Caste Discrimination,Legal Aid NGO - Howrah 93,Legal Aid NGO,+91-7053695015
Jammu & Kashmir,Srinagar,Caste Discrimination,Legal Aid NGO - Srinagar 30,Legal Aid NGO,+91-7990900826
Uttar Pradesh,Lucknow,Dowry,Elder Help NGO - Lucknow 71,Elder Help NGO,+91-8510421394
Delhi,New Delhi,Dowry,Legal Aid NGO - New Delhi 83,Legal Aid NGO,+91-9465213873
Delhi,New Delhi,Cyber Crime,District Legal Services Authority - New Delhi 23,District Legal Services Authority,+91-9628016330
Odisha,Bhubaneswar,Sexual Harassment,Women's Helpline - Bhubaneswar 13,Women's Helpline,+91-7352229556
Bihar,Gaya,Child Abuse,Legal Aid NGO - Gaya 66,Legal Aid NGO,+91-8120779560
Andhra Pradesh,Guntur,Cyber Crime,District Legal Services Authority - Guntur 44,District Legal Services Authority,+91-8630632885
Assam,Silchar,Cyber Crime,Women's Helpline - Silchar 27,Women's Helpline,+91-7018027343
Karnataka,Mysore,Sexual Harassment,Women's Helpline - Mysore 89,Women's Helpline,+91-9674414909
Uttar Pradesh,Kanpur,Senior Citizen Abuse,Women's Helpline - Kanpur 35,Women's Helpline,+91-7436018947
Tamil Nadu,Coimbatore,Dowry,District Legal Services Authority - Coimbatore 37,District Legal Services Authority,+91-7709385566
Chhattisgarh,Raipur,Property Dispute,Elder Help NGO - Raipur 48,Elder Help NGO,+91-7865912771
Haryana,Faridabad,Cyber Crime,Legal Aid NGO - Faridabad 21,Legal Aid NGO,+91-8418127546
Jammu & Kashmir,Jammu,Domestic Violence,Elder Help NGO - Jammu 94,Elder Help NGO,+91-8857099508
Gujarat,Surat,Cyber Crime,Legal Aid NGO - Surat 12,Legal Aid NGO,+91-8063205082
Bihar,Patna,Senior Citizen Abuse,Cyber Helpline - Patna 87,Cyber Helpline,+91-7899280857
Chhattisgarh,Durg,Child Abuse,Cyber Helpline - Durg 12,Cyber Helpline,+91-9681086772
Bihar,Patna,Sexual Harassment,Elder Help NGO - Patna 2,Elder Help NGO,+91-8543904373
Punjab,Ludhiana,Senior Citizen Abuse,Elder Help NGO - Ludhiana 80,Elder Help NGO,+91-8234294829
Punjab,Ludhiana,Caste Discrimination,Women's Helpline - Ludhiana 31,Women's Helpline,+91-8816858422
Uttar Pradesh,Lucknow,Senior Citizen Abuse,Cyber Helpline - Lucknow 99,Cyber Helpline,+91-9520380697
Maharashtra,Mumbai,Dowry,District Legal Services Authority - Mumbai 5,District Legal Services Authority,+91-9773987237
Jammu & Kashmir,Srinagar,Sexual Harassment,Women's Helpline - Srinagar 59,Women's Helpline,+91-9661348092
Delhi,New Delhi,Senior Citizen Abuse,Cyber Helpline - New Delhi 78,Cyber Helpline,+91-9111581167
Bihar,Bhagalpur,Caste Discrimination,Childline - Bhagalpur 73,Childline,+91-8618562714
Maharashtra,Mumbai,Dowry,Cyber Helpline - Mumbai 76,Cyber Helpline,+91-7827181863
Bihar,Bhagalpur,Child Abuse,District Legal Services Authority - Bhagalpur 93,District Legal Services Authority,+91-7309461267
Rajasthan,Jaipur,Caste Discrimination,Women's Helpline - Jaipur 53,Women's Helpline,+91-7834436857
West Bengal,Siliguri,Child Abuse,Elder Help NGO - Siliguri 99,Elder Help NGO,+91-7056535556
Andhra Pradesh,Visakhapatnam,Domestic Violence,Women's Helpline - Visakhapatnam 3,Women's Helpline,+91-7727936484
Assam,Dibrugarh,Sexual Harassment,District Legal Services Authority - Dibrugarh 52,District Legal Services Authority,+91-9411813929
Jharkhand,Jamshedpur,Caste Discrimination,Legal Clinic - Jamshedpur 81,Legal Clinic,+91-8978650059
Gujarat,Ahmedabad,Sexual Harassment,Legal Aid NGO - Ahmedabad 72,Legal Aid NGO,+91-7502598022
Maharashtra,Pune,Dowry,Legal Clinic - Pune 94,Legal Clinic,+91-8074430364
Assam,Guwahati,Domestic Violence,District Legal Services Authority - Guwahati 86,District Legal Services Authority,+91-8850590086
Gujarat,Vadodara,Child Abuse,Cyber Helpline - Vadodara 29,Cyber Helpline,+91-8355091342
West Bengal,Kolkata,Caste Discrimination,Legal Aid NGO - Kolkata 5,Legal Aid NGO,+91-7581929424
Bihar,Gaya,Cyber Crime,Elder Help NGO - Gaya 2,Elder Help NGO,+91-9716925986
Jharkhand,Ranchi,Child Abuse,Cyber Helpline - Ranchi 50,Cyber Helpline,+91-9395047805
Delhi,New Delhi,Cyber Crime,Women's Helpline - New Delhi 37,Women's Helpline,+91-7880039182
Jammu & Kashmir,Srinagar,Cyber Crime,Cyber Helpline - Srinagar 70,Cyber Helpline,+91-7821496741
Maharashtra,Nagpur,Child Abuse,Women's Helpline - Nagpur 92,Women's Helpline,+91-7419196275
Karnataka,Mysore,Property Dispute,Legal Aid NGO - Mysore 38,Legal Aid NGO,+91-7484482808
Odisha,Bhubaneswar,Caste Discrimination,Elder Help NGO - Bhubaneswar 98,Elder Help NGO,+91-8762515770
Maharashtra,Nagpur,Dowry,Elder Help NGO - Nagpur 85,Elder Help NGO,+91-7966814624
Assam,Dibrugarh,Caste Discrimination,Legal Aid NGO - Dibrugarh 40,Legal Aid NGO,+91-7387852138
Assam,Silchar,Cyber Crime,Women's Helpline - Silchar 69,Women's Helpline,+91-7176952544
Tamil Nadu,Chennai,Child Abuse,Legal Clinic - Chennai 54,Legal Clinic,+91-9685146885
West Bengal,Kolkata,Cyber Crime,Legal Aid NGO - Kolkata 45,Legal Aid NGO,+91-7392968010
Tamil Nadu,Chennai,Cyber Crime,Women's Helpline - Chennai 17,Women's Helpline,+91-7001009691
Madhya Pradesh,Bhopal,Domestic Violence,Legal Aid NGO - Bhopal 75,Legal Aid NGO,+91-9304686494
Tamil Nadu,Coimbatore,Child Abuse,Cyber Helpline - Coimbatore 47,Cyber Helpline,+91-8255689773
Assam,Dibrugarh,Sexual Harassment,Women's Helpline - Dibrugarh 16,Women's Helpline,+91-9629063007
Karnataka,Mangalore,Property Dispute,Legal Clinic - Mangalore 74,Legal Clinic,+91-9389433861
Telangana,Warangal,Property Dispute,Childline - Warangal 82,Childline,+91-9750245798
Assam,Dibrugarh,Property Dispute,Women's Helpline - Dibrugarh 95,Women's Helpline,+91-7831144781
Rajasthan,Jodhpur,Caste Discrimination,District Legal Services Authority - Jodhpur 27,District Legal Services Authority,+91-8823687726
Madhya Pradesh,Jabalpur,Cyber Crime,Childline - Jabalpur 87,Childline,+91-7707546461
Punjab,Ludhiana,Sexual Harassment,Elder Help NGO - Ludhiana 83,Elder Help NGO,+91-7178455001
West Bengal,Kolkata,Dowry,Legal Aid NGO - Kolkata 43,Legal Aid NGO,+91-9259955490
Telangana,Nizamabad,Dowry,District Legal Services Authority - Nizamabad 64,District Legal Services Authority,+91-9352969876
Karnataka,Bengaluru,Child Abuse,District Legal Services Authority - Bengaluru 61,District Legal Services Authority,+91-9112397163
Jammu & Kashmir,Srinagar,Senior Citizen Abuse,Childline - Srinagar 77,Childline,+91-9781168270
Uttar Pradesh,Lucknow,Cyber Crime,Cyber Helpline - Lucknow 26,Cyber Helpline,+91-8797357512
Bihar,Bhagalpur,Domestic Violence,Cyber Helpline - Bhagalpur 63,Cyber Helpline,+91-8913718159
Odisha,Bhubaneswar,Sexual Harassment,Elder Help NGO - Bhubaneswar 20,Elder Help NGO,+91-9634886118
Haryana,Faridabad,Senior Citizen Abuse,District Legal Services Authority - Faridabad 51,District Legal Services Authority,+91-7878128615
Jammu & Kashmir,Srinagar,Property Dispute,Legal Clinic - Srinagar 14,Legal Clinic,+91-7206347132
Punjab,Chandigarh,Senior Citizen Abuse,Women's Helpline - Chandigarh 28,Women's Helpline,+91-7841067380
Chhattisgarh,Bilaspur,Dowry,Legal Aid NGO - Bilaspur 88,Legal Aid NGO,+91-7498524761
Chhattisgarh,Durg,Property Dispute,Elder Help NGO - Durg 69,Elder Help NGO,+91-8666023486
Tamil Nadu,Coimbatore,Child Abuse,Cyber Helpline - Coimbatore 56,Cyber Helpline,+91-8339907583
Jharkhand,Dhanbad,Caste Discrimination,Legal Aid NGO - Dhanbad 75,Legal Aid NGO,+91-9422629059
Chhattisgarh,Raipur,Domestic Violence,Legal Clinic - Raipur 1,Legal Clinic,+91-7990992178
Bihar,Patna,Cyber Crime,Women's Helpline - Patna 9,Women's Helpline,+91-9732489702
Rajasthan,Jaipur,Cyber Crime,District Legal Services Authority - Jaipur 53,District Legal Services Authority,+91-9644656384
Uttar Pradesh,Lucknow,Cyber Crime,Cyber Helpline - Lucknow 12,Cyber Helpline,+91-7953595008
Karnataka,Mangalore,Sexual Harassment,Elder Help NGO - Mangalore 74,Elder Help NGO,+91-8087384048
Rajasthan,Jaipur,Sexual Harassment,District Legal Services Authority - Jaipur 25,District Legal Services Authority,+91-7159809799
West Bengal,Kolkata,Domestic Violence,Legal Clinic - Kolkata 39,Legal Clinic,+91-7356785291
Andhra Pradesh,Visakhapatnam,Sexual Harassment,Legal Clinic - Visakhapatnam 71,Legal Clinic,+91-9333508021
West Bengal,Howrah,Domestic Violence,Legal Aid NGO - Howrah 77,Legal Aid NGO,+91-9466650170
Karnataka,Mangalore,Property Dispute,Legal Clinic - Mangalore 28,Legal Clinic,+91-7051345810
Jharkhand,Jamshedpur,Cyber Crime,Cyber Helpline - Jamshedpur 22,Cyber Helpline,+91-8264312177
Assam,Dibrugarh,Child Abuse,Women's Helpline - Dibrugarh 28,Women's Helpline,+91-8608144986
Andhra Pradesh,Vijayawada,Senior Citizen Abuse,Legal Clinic - Vijayawada 43,Legal Clinic,+91-7212257679
Rajasthan,Jaipur,Dowry,Elder Help NGO - Jaipur 54,Elder Help NGO,+91-7228137839
Tamil Nadu,Coimbatore,Domestic Violence,Legal Aid NGO - Coimbatore 22,Legal Aid NGO,+91-9938948588
Rajasthan,Jaipur,Cyber Crime,Women's Helpline - Jaipur 74,Women's Helpline,+91-9602079632
Gujarat,Vadodara,Child Abuse,Women's Helpline - Vadodara 19,Women's Helpline,+91-7568693986
Kerala,Thiruvananthapuram,Property Dispute,Women's Helpline - Thiruvananthapuram 89,Women's Helpline,+91-7988298180
Andhra Pradesh,Vijayawada,Dowry,Women's Helpline - Vijayawada 91,Women's Helpline,+91-9624919940
Jammu & Kashmir,Jammu,Senior Citizen Abuse,Legal Clinic - Jammu 87,Legal Clinic,+91-7456248568
Uttar Pradesh,Lucknow,Child Abuse,Childline - Lucknow 57,Childline,+91-7451738886
Kerala,Kozhikode,Caste Discrimination,Cyber Helpline - Kozhikode 16,Cyber Helpline,+91-9057276929
Rajasthan,Jaipur,Child Abuse,District Legal Services Authority - Jaipur 69,District Legal Services Authority,+91-8759140010
Telangana,Nizamabad,Dowry,Cyber Helpline - Nizamabad 31,Cyber Helpline,+91-7629250102
Punjab,Chandigarh,Senior Citizen Abuse,Legal Clinic - Chandigarh 5,Legal Clinic,+91-7245613990
Punjab,Amritsar,Domestic Violence,Elder Help NGO - Amritsar 89,Elder Help NGO,+91-8331726025
Punjab,Chandigarh,Senior Citizen Abuse,Women's Helpline - Chandigarh 71,Women's Helpline,+91-9283888166
Assam,Guwahati,Caste Discrimination,Cyber Helpline - Guwahati 97,Cyber Helpline,+91-8825456742
Uttar Pradesh,Kanpur,Property Dispute,Elder Help NGO - Kanpur 48,Elder Help NGO,+91-8867657136
Delhi,New Delhi,Senior Citizen Abuse,Women's Helpline - New Delhi 67,Women's Helpline,+91-9176471313
Chhattisgarh,Raipur,Senior Citizen Abuse,Elder Help NGO - Raipur 96,Elder Help NGO,+91-8639078582
Kerala,Kochi,Child Abuse,District Legal Services Authority - Kochi 93,District Legal Services Authority,+91-7774003128
Uttar Pradesh,Kanpur,Caste Discrimination,Cyber Helpline - Kanpur 77,Cyber Helpline,+91-7069464603
Uttar Pradesh,Kanpur,Caste Discrimination,Legal Clinic - Kanpur 21,Legal Clinic,+91-7051785726
Assam,Dibrugarh,Caste Discrimination,Childline - Dibrugarh 72,Childline,+91-9050550593
Uttar Pradesh,Kanpur,Cyber Crime,Elder Help NGO - Kanpur 46,Elder Help NGO,+91-8333273832
Jharkhand,Dhanbad,Property Dispute,Cyber Helpline - Dhanbad 56,Cyber Helpline,+91-7420426541
Kerala,Kozhikode,Caste Discrimination,District Legal Services Authority - Kozhikode 60,District Legal Services Authority,+91-7317303388
Telangana,Hyderabad,Dowry,Cyber Helpline - Hyderabad 79,Cyber Helpline,+91-8785030070
Maharashtra,Pune,Cyber Crime,Elder Help NGO - Pune 24,Elder Help NGO,+91-9425973033
West Bengal,Kolkata,Cyber Crime,Legal Clinic - Kolkata 61,Legal Clinic,+91-9259308778
Karnataka,Mysore,Domestic Violence,Cyber Helpline - Mysore 58,Cyber Helpline,+91-8918673588
Kerala,Thiruvananthapuram,Dowry,Legal Aid NGO - Thiruvananthapuram 57,Legal Aid NGO,+91-9301560100
Uttar Pradesh,Kanpur,Child Abuse,District Legal Services Authority - Kanpur 33,District Legal Services Authority,+91-9604866258
Madhya Pradesh,Jabalpur,Sexual Harassment,Cyber Helpline - Jabalpur 77,Cyber Helpline,+91-7724899285
Bihar,Bhagalpur,Senior Citizen Abuse,Legal Aid NGO - Bhagalpur 64,Legal Aid NGO,+91-9235201318
West Bengal,Kolkata,Senior Citizen Abuse,Legal Clinic - Kolkata 66,Legal Clinic,+91-7152877033
West Bengal,Siliguri,Property Dispute,Legal Clinic - Siliguri 36,Legal Clinic,+91-9257235307
Jammu & Kashmir,Srinagar,Property Dispute,Legal Aid NGO - Srinagar 29,Legal Aid NGO,+91-7068378951
Kerala,Thiruvananthapuram,Property Dispute,Elder Help NGO - Thiruvananthapuram 5,Elder Help NGO,+91-7224613506
Andhra Pradesh,Vijayawada,Domestic Violence,Cyber Helpline - Vijayawada 9,Cyber Helpline,+91-7927997748
Telangana,Hyderabad,Senior Citizen Abuse,Elder Help NGO - Hyderabad 15,Elder Help NGO,+91-8240310896
Telangana,Warangal,Domestic Violence,Childline - Warangal 96,Childline,+91-9996196473
Kerala,Kochi,Dowry,Childline - Kochi 77,Childline,+91-9770539216
Gujarat,Surat,Cyber Crime,Legal Clinic - Surat 90,Legal Clinic,+91-7346750306
Delhi,New Delhi,Property Dispute,Childline - New Delhi 11,Childline,+91-8052068978
West Bengal,Siliguri,Domestic Violence,Childline - Siliguri 26,Childline,+91-7005949070
Kerala,Kochi,Dowry,Legal Aid NGO - Kochi 82,Legal Aid NGO,+91-7138648767
Tamil Nadu,Madurai,Dowry,District Legal Services Authority - Madurai 20,District Legal Services Authority,+91-9174918894
Karnataka,Bengaluru,Cyber Crime,Elder Help NGO - Bengaluru 12,Elder Help NGO,+91-7843408456
Delhi,New Delhi,Dowry,District Legal Services Authority - New Delhi 86,District Legal Services Authority,+91-7492726145
Gujarat,Ahmedabad,Cyber Crime,Elder Help NGO - Ahmedabad 85,Elder Help NGO,+91-9990532516
Jharkhand,Ranchi,Cyber Crime,Women's Helpline - Ranchi 9,Women's Helpline,+91-9699270290
Assam,Guwahati,Domestic Violence,Elder Help NGO - Guwahati 24,Elder Help NGO,+91-9187110361
Assam,Silchar,Caste Discrimination,Childline - Silchar 73,Childline,+91-8659671625
West Bengal,Howrah,Domestic Violence,Legal Aid NGO - Howrah 51,Legal Aid NGO,+91-7734915199
Rajasthan,Udaipur,Senior Citizen Abuse,Childline - Udaipur 51,Childline,+91-9762151009
Tamil Nadu,Madurai,Child Abuse,Elder Help NGO - Madurai 47,Elder Help NGO,+91-9581387149
Haryana,Faridabad,Caste Discrimination,Childline - Faridabad 46,Childline,+91-9233478616
Andhra Pradesh,Guntur,Sexual Harassment,Cyber Helpline - Guntur 10,Cyber Helpline,+91-9755136286
Madhya Pradesh,Jabalpur,Sexual Harassment,Childline - Jabalpur 20,Childline,+91-9114525651
Haryana,Panipat,Caste Discrimination,District Legal Services Authority - Panipat 24,District Legal Services Authority,+91-8578923677
Assam,Guwahati,Child Abuse,Legal Aid NGO - Guwahati 19,Legal Aid NGO,+91-9746494316
Jharkhand,Ranchi,Cyber Crime,Legal Aid NGO - Ranchi 54,Legal Aid NGO,+91-7761941581
Telangana,Warangal,Domestic Violence,Cyber Helpline - Warangal 29,Cyber Helpline,+91-7101699738
Uttar Pradesh,Varanasi,Child Abuse,Legal Aid NGO - Varanasi 22,Legal Aid NGO,+91-9079886019
Jharkhand,Dhanbad,Dowry,Legal Clinic - Dhanbad 41,Legal Clinic,+91-9386114611
Kerala,Thiruvananthapuram,Sexual Harassment,Childline - Thiruvananthapuram 28,Childline,+91-9831173707
Assam,Silchar,Cyber Crime,Elder Help NGO - Silchar 15,Elder Help NGO,+91-9511427120
Odisha,Rourkela,Caste Discrimination,Childline - Rourkela 34,Childline,+91-8930886492
Haryana,Faridabad,Sexual Harassment,Cyber Helpline - Faridabad 18,Cyber Helpline,+91-8884051378
Rajasthan,Jaipur,Caste Discrimination,Childline - Jaipur 79,Childline,+91-9557103132
Kerala,Kochi,Child Abuse,District Legal Services Authority - Kochi 82,District Legal Services Authority,+91-9804915224
Punjab,Amritsar,Sexual Harassment,Cyber Helpline - Amritsar 91,Cyber Helpline,+91-7987764882
Haryana,Gurgaon,Property Dispute,Cyber Helpline - Gurgaon 14,Cyber Helpline,+91-7608967918
Maharashtra,Pune,Dowry,Cyber Helpline - Pune 9,Cyber Helpline,+91-9498599230
Chhattisgarh,Raipur,Senior Citizen Abuse,Cyber Helpline - Raipur 23,Cyber Helpline,+91-9373282211
Uttar Pradesh,Varanasi,Caste Discrimination,Legal Aid NGO - Varanasi 89,Legal Aid NGO,+91-9342394659
Haryana,Faridabad,Child Abuse,Cyber Helpline - Faridabad 72,Cyber Helpline,+91-7073331936
Chhattisgarh,Bilaspur,Senior Citizen Abuse,Cyber Helpline - Bilaspur 35,Cyber Helpline,+91-8258188271
Punjab,Amritsar,Domestic Violence,Elder Help NGO - Amritsar 79,Elder Help NGO,+91-8836377850
Madhya Pradesh,Jabalpur,Cyber Crime,Legal Clinic - Jabalpur 46,Legal Clinic,+91-9254061728
West Bengal,Howrah,Cyber Crime,Cyber Helpline - Howrah 9,Cyber Helpline,+91-8022341604
Uttar Pradesh,Varanasi,Property Dispute,Women's Helpline - Varanasi 30,Women's Helpline,+91-8824342832
Maharashtra,Nagpur,Senior Citizen Abuse,Cyber Helpline - Nagpur 65,Cyber Helpline,+91-7920033364
Andhra Pradesh,Guntur,Sexual Harassment,Cyber Helpline - Guntur 11,Cyber Helpline,+91-9804605548
Delhi,New Delhi,Child Abuse,Cyber Helpline - New Delhi 46,Cyber Helpline,+91-8076924805
Assam,Dibrugarh,Domestic Violence,Women's Helpline - Dibrugarh 25,Women's Helpline,+91-8819642268
Odisha,Rourkela,Property Dispute,Elder Help NGO - Rourkela 99,Elder Help NGO,+91-9424460194
Chhattisgarh,Bilaspur,Domestic Violence,Legal Aid NGO - Bilaspur 55,Legal Aid NGO,+91-9924978065
West Bengal,Siliguri,Senior Citizen Abuse,Elder Help NGO - Siliguri 87,Elder Help NGO,+91-8054017139
Jammu & Kashmir,Jammu,Domestic Violence,Cyber Helpline - Jammu 77,Cyber Helpline,+91-9851773990
Karnataka,Mysore,Domestic Violence,Legal Aid NGO - Mysore 24,Legal Aid NGO,+91-7504671781
Gujarat,Vadodara,Senior Citizen Abuse,Legal Clinic - Vadodara 98,Legal Clinic,+91-8176168083
Andhra Pradesh,Vijayawada,Property Dispute,Elder Help NGO - Vijayawada 84,Elder Help NGO,+91-9726355809
West Bengal,Siliguri,Domestic Violence,Legal Aid NGO - Siliguri 33,Legal Aid NGO,+91-9906259586
Punjab,Chandigarh,Caste Discrimination,Cyber Helpline - Chandigarh 58,Cyber Helpline,+91-8434271250
Bihar,Patna,Caste Discrimination,Legal Clinic - Patna 26,Legal Clinic,+91-7284831253
Punjab,Ludhiana,Sexual Harassment,District Legal Services Authority - Ludhiana 22,District Legal Services Authority,+91-8178021968
Telangana,Hyderabad,Domestic Violence,Elder Help NGO - Hyderabad 22,Elder Help NGO,+91-9819100443
Haryana,Faridabad,Child Abuse,District Legal Services Authority - Faridabad 80,District Legal Services Authority,+91-9765555731
Andhra Pradesh,Vijayawada,Child Abuse,Women's Helpline - Vijayawada 53,Women's Helpline,+91-7902643847
Haryana,Gurgaon,Cyber Crime,District Legal Services Authority - Gurgaon 53,District Legal Services Authority,+91-9750491273
Chhattisgarh,Raipur,Caste Discrimination,Legal Aid NGO - Raipur 59,Legal Aid NGO,+91-9724398051
Tamil Nadu,Madurai,Dowry,Legal Aid NGO - Madurai 87,Legal Aid NGO,+91-8246646883
Kerala,Thiruvananthapuram,Dowry,Cyber Helpline - Thiruvananthapuram 60,Cyber Helpline,+91-7624258699
Odisha,Cuttack,Domestic Violence,Elder Help NGO - Cuttack 45,Elder Help NGO,+91-8983954718
Jharkhand,Ranchi,Child Abuse,District Legal Services Authority - Ranchi 37,District Legal Services Authority,+91-7858334643
Chhattisgarh,Durg,Sexual Harassment,Elder Help NGO - Durg 41,Elder Help NGO,+91-9764733469
Gujarat,Surat,Senior Citizen Abuse,Cyber Helpline - Surat 20,Cyber Helpline,+91-7731437782
Jharkhand,Ranchi,Property Dispute,District Legal Services Authority - Ranchi 93,District Legal Services Authority,+91-7858959285
Chhattisgarh,Raipur,Domestic Violence,Childline - Raipur 76,Childline,+91-8286356651
Telangana,Hyderabad,Domestic Violence,Childline - Hyderabad 94,Childline,+91-7260935653
Telangana,Nizamabad,Property Dispute,Cyber Helpline - Nizamabad 72,Cyber Helpline,+91-9050024226
Jharkhand,Ranchi,Child Abuse,Women's Helpline - Ranchi 53,Women's Helpline,+91-7258040627
Telangana,Nizamabad,Caste Discrimination,Legal Aid NGO - Nizamabad 50,Legal Aid NGO,+91-7955818491
Andhra Pradesh,Guntur,Property Dispute,Cyber Helpline - Guntur 7,Cyber Helpline,+91-9241415002
Maharashtra,Pune,Dowry,Childline - Pune 48,Childline,+91-7450113664
Andhra Pradesh,Visakhapatnam,Child Abuse,Legal Clinic - Visakhapatnam 31,Legal Clinic,+91-8559271291
Odisha,Cuttack,Child Abuse,Childline - Cuttack 67,Childline,+91-7064529162
Telangana,Nizamabad,Child Abuse,District Legal Services Authority - Nizamabad 70,District Legal Services Authority,+91-8182972593
Bihar,Patna,Sexual Harassment,Childline - Patna 91,Childline,+91-7418319217
Haryana,Panipat,Cyber Crime,Women's Helpline - Panipat 70,Women's Helpline,+91-8224858536
Kerala,Thiruvananthapuram,Senior Citizen Abuse,Cyber Helpline - Thiruvananthapuram 14,Cyber Helpline,+91-8982118332
Maharashtra,Pune,Sexual Harassment,Childline - Pune 89,Childline,+91-8951751655
Andhra Pradesh,Visakhapatnam,Child Abuse,Legal Aid NGO - Visakhapatnam 81,Legal Aid NGO,+91-9340970538
Jharkhand,Jamshedpur,Property Dispute,District Legal Services Authority - Jamshedpur 16,District Legal Services Authority,+91-7862989743
Telangana,Nizamabad,Property Dispute,Legal Clinic - Nizamabad 67,Legal Clinic,+91-8667781054
Gujarat,Surat,Cyber Crime,Women's Helpline - Surat 81,Women's Helpline,+91-7274053865
Rajasthan,Udaipur,Caste Discrimination,Elder Help NGO - Udaipur 16,Elder Help NGO,+91-8998779190
Odisha,Cuttack,Caste Discrimination,District Legal Services Authority - Cuttack 11,District Legal Services Authority,+91-9864947988
Uttar Pradesh,Varanasi,Dowry,Women's Helpline - Varanasi 81,Women's Helpline,+91-7997576387
Bihar,Patna,Property Dispute,Legal Clinic - Patna 62,Legal Clinic,+91-7761877317
Madhya Pradesh,Bhopal,Senior Citizen Abuse,Women's Helpline - Bhopal 51,Women's Helpline,+91-7975948545
Telangana,Hyderabad,Child Abuse,Women's Helpline - Hyderabad 41,Women's Helpline,+91-7990687000
Andhra Pradesh,Guntur,Dowry,Elder Help NGO - Guntur 96,Elder Help NGO,+91-9044437947
Chhattisgarh,Bilaspur,Domestic Violence,Legal Aid NGO - Bilaspur 62,Legal Aid NGO,+91-9647690711
Assam,Dibrugarh,Dowry,District Legal Services Authority - Dibrugarh 8,District Legal Services Authority,+91-9879494979
Bihar,Gaya,Property Dispute,Legal Aid NGO - Gaya 55,Legal Aid NGO,+91-9805900112
Assam,Silchar,Senior Citizen Abuse,Legal Clinic - Silchar 58,Legal Clinic,+91-8680398623
Jharkhand,Jamshedpur,Property Dispute,Childline - Jamshedpur 1,Childline,+91-7179131027
Chhattisgarh,Bilaspur,Sexual Harassment,Legal Aid NGO - Bilaspur 82,Legal Aid NGO,+91-9781226213
Delhi,New Delhi,Property Dispute,Elder Help NGO - New Delhi 39,Elder Help NGO,+91-8629118120
Odisha,Bhubaneswar,Property Dispute,Elder Help NGO - Bhubaneswar 51,Elder Help NGO,+91-7595924079
Kerala,Thiruvananthapuram,Sexual Harassment,Elder Help NGO - Thiruvananthapuram 18,Elder Help NGO,+91-7309862670
Kerala,Kozhikode,Dowry,Childline - Kozhikode 40,Childline,+91-8317543923
Andhra Pradesh,Vijayawada,Sexual Harassment,Women's Helpline - Vijayawada 39,Women's Helpline,+91-9687077653
Odisha,Bhubaneswar,Cyber Crime,Cyber Helpline - Bhubaneswar 30,Cyber Helpline,+91-8382865673
Tamil Nadu,Coimbatore,Child Abuse,Legal Clinic - Coimbatore 37,Legal Clinic,+91-8611302750
West Bengal,Kolkata,Property Dispute,Legal Clinic - Kolkata 83,Legal Clinic,+91-9711974279
Bihar,Patna,Sexual Harassment,Cyber Helpline - Patna 72,Cyber Helpline,+91-7735375280
Assam,Silchar,Domestic Violence,Elder Help NGO - Silchar 53,Elder Help NGO,+91-7383704419
Uttar Pradesh,Varanasi,Domestic Violence,Women's Helpline - Varanasi 75,Women's Helpline,+91-7462704898
Karnataka,Mysore,Dowry,Legal Aid NGO - Mysore 42,Legal Aid NGO,+91-8164896442
Chhattisgarh,Bilaspur,Dowry,District Legal Services Authority - Bilaspur 80,District Legal Services Authority,+91-9921171919
West Bengal,Siliguri,Child Abuse,Legal Aid NGO - Siliguri 78,Legal Aid NGO,+91-8366665343
Odisha,Rourkela,Property Dispute,Women's Helpline - Rourkela 93,Women's Helpline,+91-7296883047
Bihar,Bhagalpur,Dowry,Legal Clinic - Bhagalpur 10,Legal Clinic,+91-8539112586
Madhya Pradesh,Bhopal,Property Dispute,Childline - Bhopal 13,Childline,+91-9195561321
Tamil Nadu,Chennai,Domestic Violence,Cyber Helpline - Chennai 22,Cyber Helpline,+91-7613911930
Uttar Pradesh,Varanasi,Sexual Harassment,District Legal Services Authority - Varanasi 33,District Legal Services Authority,+91-9658711701
Telangana,Nizamabad,Property Dispute,Childline - Nizamabad 36,Childline,+91-9460339560
Delhi,New Delhi,Domestic Violence,Cyber Helpline - New Delhi 9,Cyber Helpline,+91-8720903973
Telangana,Hyderabad,Child Abuse,Legal Aid NGO - Hyderabad 21,Legal Aid NGO,+91-9963955329
Jharkhand,Jamshedpur,Caste Discrimination,Childline - Jamshedpur 68,Childline,+91-8633096902
Tamil Nadu,Madurai,Dowry,Elder Help NGO - Madurai 60,Elder Help NGO,+91-9884211028
Chhattisgarh,Raipur,Cyber Crime,Childline - Raipur 24,Childline,+91-7487129467
Uttar Pradesh,Varanasi,Dowry,Elder Help NGO - Varanasi 82,Elder Help NGO,+91-9961436623
West Bengal,Howrah,Senior Citizen Abuse,Women's Helpline - Howrah 18,Women's Helpline,+91-7078277906
Jharkhand,Jamshedpur,Dowry,Elder Help NGO - Jamshedpur 56,Elder Help NGO,+91-8020651139
Uttar Pradesh,Varanasi,Caste Discrimination,District Legal Services Authority - Varanasi 30,District Legal Services Authority,+91-7944821646
Odisha,Rourkela,Dowry,Elder Help NGO - Rourkela 99,Elder Help NGO,+91-8544523693
Chhattisgarh,Raipur,Cyber Crime,Legal Clinic - Raipur 4,Legal Clinic,+91-9194797273
Telangana,Hyderabad,Cyber Crime,Legal Aid NGO - Hyderabad 5,Legal Aid NGO,+91-7429169579
Bihar,Patna,Senior Citizen Abuse,Elder Help NGO - Patna 69,Elder Help NGO,+91-9932140085
Tamil Nadu,Coimbatore,Child Abuse,Women's Helpline - Coimbatore 59,Women's Helpline,+91-9424175441
Telangana,Nizamabad,Dowry,Legal Clinic - Nizamabad 77,Legal Clinic,+91-7462019212
Chhattisgarh,Bilaspur,Sexual Harassment,Women's Helpline - Bilaspur 95,Women's Helpline,+91-8529232157
Chhattisgarh,Bilaspur,Senior Citizen Abuse,Legal Clinic - Bilaspur 10,Legal Clinic,+91-7454606483
Assam,Guwahati,Property Dispute,Legal Aid NGO - Guwahati 63,Legal Aid NGO,+91-7681913300
Madhya Pradesh,Jabalpur,Sexual Harassment,Women's Helpline - Jabalpur 18,Women's Helpline,+91-8382396276
Tamil Nadu,Madurai,Property Dispute,Women's Helpline - Madurai 25,Women's Helpline,+91-9040924348
Telangana,Hyderabad,Domestic Violence,Legal Aid NGO - Hyderabad 27,Legal Aid NGO,+91-7226578397
Gujarat,Vadodara,Dowry,Cyber Helpline - Vadodara 14,Cyber Helpline,+91-7585702523
Maharashtra,Nagpur,Dowry,Legal Clinic - Nagpur 88,Legal Clinic,+91-7835048722
Maharashtra,Nagpur,Child Abuse,Childline - Nagpur 88,Childline,+91-7617930595
Madhya Pradesh,Jabalpur,Property Dispute,Legal Aid NGO - Jabalpur 19,Legal Aid NGO,+91-8051873699
Punjab,Amritsar,Domestic Violence,District Legal Services Authority - Amritsar 54,District Legal Services Authority,+91-8798621617
Karnataka,Mangalore,Child Abuse,Women's Helpline - Mangalore 36,Women's Helpline,+91-9587103145
Punjab,Chandigarh,Property Dispute,Childline - Chandigarh 68,Childline,+91-9128193181
Bihar,Gaya,Cyber Crime,Legal Clinic - Gaya 77,Legal Clinic,+91-9008261954
Andhra Pradesh,Guntur,Cyber Crime,Childline - Guntur 94,Childline,+91-8153526585
Uttar Pradesh,Lucknow,Senior Citizen Abuse,Legal Aid NGO - Lucknow 16,Legal Aid NGO,+91-9327275667
Odisha,Bhubaneswar,Senior Citizen Abuse,Legal Clinic - Bhubaneswar 61,Legal Clinic,+91-7935108165
Madhya Pradesh,Bhopal,Caste Discrimination,Cyber Helpline - Bhopal 44,Cyber Helpline,+91-9634314484
Assam,Guwahati,Domestic Violence,Legal Aid NGO - Guwahati 85,Legal Aid NGO,+91-7228438087
Tamil Nadu,Coimbatore,Sexual Harassment,Childline - Coimbatore 73,Childline,+91-7728885087
Andhra Pradesh,Visakhapatnam,Caste Discrimination,Legal Aid NGO - Visakhapatnam 68,Legal Aid NGO,+91-9982748327
Karnataka,Mysore,Child Abuse,Legal Aid NGO - Mysore 1,Legal Aid NGO,+91-7942601166
West Bengal,Howrah,Child Abuse,Legal Clinic - Howrah 81,Legal Clinic,+91-8867525136
Telangana,Warangal,Cyber Crime,Women's Helpline - Warangal 59,Women's Helpline,+91-8573118908
Assam,Dibrugarh,Property Dispute,Elder Help NGO - Dibrugarh 39,Elder Help NGO,+91-9389373955
Gujarat,Surat,Caste Discrimination,District Legal Services Authority - Surat 73,District Legal Services Authority,+91-7876781024
Punjab,Chandigarh,Dowry,Women's Helpline - Chandigarh 30,Women's Helpline,+91-7772815417
Chhattisgarh,Raipur,Domestic Violence,Elder Help NGO - Raipur 81,Elder Help NGO,+91-7534845572
Maharashtra,Nagpur,Dowry,Legal Clinic - Nagpur 95,Legal Clinic,+91-7475008437
Delhi,New Delhi,Senior Citizen Abuse,District Legal Services Authority - New Delhi 50,District Legal Services Authority,+91-7734705677
Bihar,Gaya,Caste Discrimination,Cyber Helpline - Gaya 16,Cyber Helpline,+91-9417080753
Jammu & Kashmir,Srinagar,Domestic Violence,Legal Clinic - Srinagar 63,Legal Clinic,+91-9255026886
Rajasthan,Jodhpur,Property Dispute,Childline - Jodhpur 69,Childline,+91-7308121279
Andhra Pradesh,Vijayawada,Child Abuse,Legal Clinic - Vijayawada 89,Legal Clinic,+91-9696761276
West Bengal,Howrah,Caste Discrimination,District Legal Services Authority - Howrah 17,District Legal Services Authority,+91-8724638172
Chhattisgarh,Durg,Cyber Crime,Cyber Helpline - Durg 85,Cyber Helpline,+91-8687870486
Assam,Dibrugarh,Property Dispute,Women's Helpline - Dibrugarh 10,Women's Helpline,+91-7112783049
Gujarat,Surat,Caste Discrimination,Childline - Surat 61,Childline,+91-8547114554
Tamil Nadu,Coimbatore,Caste Discrimination,Women's Helpline - Coimbatore 19,Women's Helpline,+91-7777025049
Madhya Pradesh,Bhopal,Domestic Violence,Childline - Bhopal 85,Childline,+91-8932657572
West Bengal,Siliguri,Sexual Harassment,Childline - Siliguri 8,Childline,+91-9146515561
Jammu & Kashmir,Jammu,Senior Citizen Abuse,Legal Clinic - Jammu 66,Legal Clinic,+91-7424356984
Punjab,Amritsar,Senior Citizen Abuse,Elder Help NGO - Amritsar 50,Elder Help NGO,+91-8764896289
Kerala,Kozhikode,Cyber Crime,Childline - Kozhikode 10,Childline,+91-9823424327
Andhra Pradesh,Visakhapatnam,Cyber Crime,Women's Helpline - Visakhapatnam 80,Women's Helpline,+91-8143865482
Chhattisgarh,Bilaspur,Senior Citizen Abuse,Cyber Helpline - Bilaspur 11,Cyber Helpline,+91-7605725560
Bihar,Gaya,Dowry,Childline - Gaya 24,Childline,+91-7257539447
Karnataka,Mangalore,Dowry,Women's Helpline - Mangalore 18,Women's Helpline,+91-7031982722
Karnataka,Bengaluru,Property Dispute,Cyber Helpline - Bengaluru 14,Cyber Helpline,+91-7436198513
Telangana,Nizamabad,Property Dispute,Legal Aid NGO - Nizamabad 32,Legal Aid NGO,+91-7543738061
Bihar,Patna,Senior Citizen Abuse,Women's Helpline - Patna 68,Women's Helpline,+91-8933672154
Punjab,Ludhiana,Cyber Crime,Elder Help NGO - Ludhiana 4,Elder Help NGO,+91-7004960515
Gujarat,Vadodara,Dowry,Legal Aid NGO - Vadodara 25,Legal Aid NGO,+91-8344893221
Karnataka,Mysore,Caste Discrimination,Legal Aid NGO - Mysore 8,Legal Aid NGO,+91-7680123021
West Bengal,Kolkata,Child Abuse,Legal Clinic - Kolkata 78,Legal Clinic,+91-8242758313
Assam,Guwahati,Caste Discrimination,Childline - Guwahati 79,Childline,+91-9808770419
Rajasthan,Udaipur,Sexual Harassment,Cyber Helpline - Udaipur 36,Cyber Helpline,+91-8827221765
Delhi,New Delhi,Dowry,Childline - New Delhi 36,Childline,+91-8921143695
Maharashtra,Mumbai,Child Abuse,District Legal Services Authority - Mumbai 34,District Legal Services Authority,+91-9368444179
Bihar,Patna,Dowry,Legal Aid NGO - Patna 30,Legal Aid NGO,+91-8834303174
Tamil Nadu,Chennai,Sexual Harassment,Childline - Chennai 55,Childline,+91-7360510141
Madhya Pradesh,Bhopal,Property Dispute,Cyber Helpline - Bhopal 52,Cyber Helpline,+91-8671608989
Bihar,Bhagalpur,Sexual Harassment,Women's Helpline - Bhagalpur 22,Women's Helpline,+91-7256516867
Madhya Pradesh,Indore,Property Dispute,District Legal Services Authority - Indore 87,District Legal Services Authority,+91-9237041591
Madhya Pradesh,Indore,Child Abuse,District Legal Services Authority - Indore 81,District Legal Services Authority,+91-8470650780
Telangana,Hyderabad,Property Dispute,Women's Helpline - Hyderabad 56,Women's Helpline,+91-8512161022
Jammu & Kashmir,Jammu,Child Abuse,District Legal Services Authority - Jammu 32,District Legal Services Authority,+91-8673215047
Jharkhand,Dhanbad,Sexual Harassment,Elder Help NGO - Dhanbad 32,Elder Help NGO,+91-7349182318
Telangana,Nizamabad,Domestic Violence,District Legal Services Authority - Nizamabad 22,District Legal Services Authority,+91-9775595806
Gujarat,Ahmedabad,Domestic Violence,District Legal Services Authority - Ahmedabad 66,District Legal Services Authority,+91-9479031983
Jharkhand,Dhanbad,Sexual Harassment,Women's Helpline - Dhanbad 37,Women's Helpline,+91-8068984519
Andhra Pradesh,Visakhapatnam,Cyber Crime,Elder Help NGO - Visakhapatnam 48,Elder Help NGO,+91-8005050404
Assam,Dibrugarh,Senior Citizen Abuse,Women's Helpline - Dibrugarh 6,Women's Helpline,+91-8146588836
Telangana,Nizamabad,Senior Citizen Abuse,Cyber Helpline - Nizamabad 11,Cyber Helpline,+91-8479327752
Odisha,Cuttack,Child Abuse,Childline - Cuttack 29,Childline,+91-8003812887
Chhattisgarh,Durg,Domestic Violence,Elder Help NGO - Durg 12,Elder Help NGO,+91-7248277262
Bihar,Bhagalpur,Domestic Violence,Elder Help NGO - Bhagalpur 65,Elder Help NGO,+91-8458968825
West Bengal,Howrah,Domestic Violence,District Legal Services Authority - Howrah 73,District Legal Services Authority,+91-8857192940
Andhra Pradesh,Vijayawada,Property Dispute,District Legal Services Authority - Vijayawada 20,District Legal Services Authority,+91-8693616677
Karnataka,Bengaluru,Sexual Harassment,Cyber Helpline - Bengaluru 46,Cyber Helpline,+91-8321356021
Assam,Silchar,Dowry,Legal Aid NGO - Silchar 58,Legal Aid NGO,+91-7157646813
Maharashtra,Nagpur,Sexual Harassment,Childline - Nagpur 29,Childline,+91-7189312721
Rajasthan,Jaipur,Dowry,Elder Help NGO - Jaipur 91,Elder Help NGO,+91-8241770897
Maharashtra,Pune,Child Abuse,Cyber Helpline - Pune 67,Cyber Helpline,+91-9931189360
West Bengal,Siliguri,Domestic Violence,District Legal Services Authority - Siliguri 82,District Legal Services Authority,+91-9429758182
Bihar,Gaya,Cyber Crime,District Legal Services Authority - Gaya 91,District Legal Services Authority,+91-8995906028
Andhra Pradesh,Guntur,Senior Citizen Abuse,Legal Aid NGO - Guntur 73,Legal Aid NGO,+91-9746998580
Delhi,New Delhi,Senior Citizen Abuse,Elder Help NGO - New Delhi 59,Elder Help NGO,+91-7785357634
Bihar,Bhagalpur,Child Abuse,District Legal Services Authority - Bhagalpur 43,District Legal Services Authority,+91-9901197403
Assam,Silchar,Senior Citizen Abuse,Cyber Helpline - Silchar 39,Cyber Helpline,+91-9567117854
Assam,Guwahati,Caste Discrimination,Cyber Helpline - Guwahati 14,Cyber Helpline,+91-7485021808
Telangana,Nizamabad,Senior Citizen Abuse,Legal Aid NGO - Nizamabad 20,Legal Aid NGO,+91-8322886044
Haryana,Gurgaon,Senior Citizen Abuse,District Legal Services Authority - Gurgaon 30,District Legal Services Authority,+91-9139792997
Jharkhand,Jamshedpur,Domestic Violence,Elder Help NGO - Jamshedpur 17,Elder Help NGO,+91-8909651838
Assam,Dibrugarh,Dowry,Cyber Helpline - Dibrugarh 66,Cyber Helpline,+91-7817751564
Madhya Pradesh,Indore,Property Dispute,Elder Help NGO - Indore 81,Elder Help NGO,+91-7601038367
Uttar Pradesh,Lucknow,Dowry,District Legal Services Authority - Lucknow 64,District Legal Services Authority,+91-9613754497
Jammu & Kashmir,Srinagar,Dowry,Women's Helpline - Srinagar 23,Women's Helpline,+91-8756108523
Rajasthan,Udaipur,Senior Citizen Abuse,Childline - Udaipur 92,Childline,+91-8931867714
Assam,Guwahati,Caste Discrimination,Women's Helpline - Guwahati 13,Women's Helpline,+91-9442048738
Maharashtra,Mumbai,Caste Discrimination,Childline - Mumbai 1,Childline,+91-7031521614
Bihar,Gaya,Cyber Crime,Legal Clinic - Gaya 86,Legal Clinic,+91-7262233099
Andhra Pradesh,Guntur,Dowry,Legal Aid NGO - Guntur 27,Legal Aid NGO,+91-7289185829
Gujarat,Vadodara,Cyber Crime,District Legal Services Authority - Vadodara 56,District Legal Services Authority,+91-8628958703
Rajasthan,Jodhpur,Senior Citizen Abuse,Childline - Jodhpur 10,Childline,+91-9214616532
Bihar,Patna,Dowry,District Legal Services Authority - Patna 86,District Legal Services Authority,+91-7600694714
Assam,Silchar,Sexual Harassment,District Legal Services Authority - Silchar 90,District Legal Services Authority,+91-7474898949
Haryana,Gurgaon,Senior Citizen Abuse,Elder Help NGO - Gurgaon 27,Elder Help NGO,+91-7876611257
Assam,Silchar,Dowry,District Legal Services Authority - Silchar 4,District Legal Services Authority,+91-9396938903
Delhi,New Delhi,Sexual Harassment,Cyber Helpline - New Delhi 37,Cyber Helpline,+91-8706698505
Punjab,Amritsar,Caste Discrimination,District Legal Services Authority - Amritsar 13,District Legal Services Authority,+91-8084796266
Andhra Pradesh,Guntur,Child Abuse,Cyber Helpline - Guntur 43,Cyber Helpline,+91-7099835959
Tamil Nadu,Chennai,Property Dispute,District Legal Services Authority - Chennai 26,District Legal Services Authority,+91-9896991972
Rajasthan,Jaipur,Cyber Crime,Cyber Helpline - Jaipur 35,Cyber Helpline,+91-9017737062
Kerala,Kochi,Caste Discrimination,District Legal Services Authority - Kochi 81,District Legal Services Authority,+91-8059962252
Uttar Pradesh,Varanasi,Sexual Harassment,Legal Aid NGO - Varanasi 57,Legal Aid NGO,+91-7878760086
Rajasthan,Jodhpur,Cyber Crime,Legal Clinic - Jodhpur 22,Legal Clinic,+91-7457277888
Jharkhand,Dhanbad,Sexual Harassment,Legal Aid NGO - Dhanbad 25,Legal Aid NGO,+91-7619730857
Andhra Pradesh,Visakhapatnam,Property Dispute,Legal Aid NGO - Visakhapatnam 41,Legal Aid NGO,+91-7130270926
Kerala,Kozhikode,Caste Discrimination,Cyber Helpline - Kozhikode 83,Cyber Helpline,+91-9661695203
Bihar,Gaya,Caste Discrimination,Women's Helpline - Gaya 82,Women's Helpline,+91-7669389628
Kerala,Kozhikode,Dowry,Elder Help NGO - Kozhikode 20,Elder Help NGO,+91-8841064264
Jharkhand,Jamshedpur,Property Dispute,Women's Helpline - Jamshedpur 94,Women's Helpline,+91-8356407372
Assam,Guwahati,Senior Citizen Abuse,Childline - Guwahati 34,Childline,+91-8063463728
Tamil Nadu,Chennai,Sexual Harassment,Legal Clinic - Chennai 6,Legal Clinic,+91-8213664584
Telangana,Hyderabad,Senior Citizen Abuse,Women's Helpline - Hyderabad 99,Women's Helpline,+91-8272084727
Jharkhand,Dhanbad,Property Dispute,Elder Help NGO - Dhanbad 52,Elder Help NGO,+91-7560096718
Chhattisgarh,Durg,Child Abuse,Legal Clinic - Durg 23,Legal Clinic,+91-7410038224
Assam,Silchar,Cyber Crime,Legal Aid NGO - Silchar 2,Legal Aid NGO,+91-7216580942
Karnataka,Mysore,Cyber Crime,Cyber Helpline - Mysore 42,Cyber Helpline,+91-8507170340
Telangana,Hyderabad,Child Abuse,Legal Clinic - Hyderabad 93,Legal Clinic,+91-8597712128
Uttar Pradesh,Lucknow,Dowry,Childline - Lucknow 54,Childline,+91-9854847515
Punjab,Amritsar,Senior Citizen Abuse,Childline - Amritsar 72,Childline,+91-7452569211
Karnataka,Mysore,Caste Discrimination,District Legal Services Authority - Mysore 11,District Legal Services Authority,+91-7534305194
Jammu & Kashmir,Jammu,Child Abuse,Cyber Helpline - Jammu 83,Cyber Helpline,+91-7027266445
Karnataka,Bengaluru,Cyber Crime,Childline - Bengaluru 43,Childline,+91-7615645595
Karnataka,Mangalore,Child Abuse,District Legal Services Authority - Mangalore 80,District Legal Services Authority,+91-7031701699
Bihar,Patna,Caste Discrimination,Elder Help NGO - Patna 22,Elder Help NGO,+91-8388169912
Uttar Pradesh,Varanasi,Child Abuse,Legal Aid NGO - Varanasi 78,Legal Aid NGO,+91-7945174923
Punjab,Amritsar,Senior Citizen Abuse,Legal Aid NGO - Amritsar 38,Legal Aid NGO,+91-9147721433
Madhya Pradesh,Jabalpur,Cyber Crime,District Legal Services Authority - Jabalpur 43,District Legal Services Authority,+91-7835840206
Delhi,New Delhi,Sexual Harassment,District Legal Services Authority - New Delhi 20,District Legal Services Authority,+91-7752001651
Madhya Pradesh,Indore,Senior Citizen Abuse,District Legal Services Authority - Indore 17,District Legal Services Authority,+91-7576281781
Andhra Pradesh,Visakhapatnam,Sexual Harassment,Legal Aid NGO - Visakhapatnam 14,Legal Aid NGO,+91-7765073753
Assam,Guwahati,Child Abuse,Legal Aid NGO - Guwahati 39,Legal Aid NGO,+91-7417128743
Chhattisgarh,Durg,Dowry,Childline - Durg 99,Childline,+91-8671913483
Assam,Dibrugarh,Child Abuse,Elder Help NGO - Dibrugarh 78,Elder Help NGO,+91-7024586594
Madhya Pradesh,Bhopal,Property Dispute,Legal Clinic - Bhopal 43,Legal Clinic,+91-9537398326
Uttar Pradesh,Varanasi,Property Dispute,Elder Help NGO - Varanasi 32,Elder Help NGO,+91-9978506255
Jharkhand,Dhanbad,Dowry,Legal Clinic - Dhanbad 96,Legal Clinic,+91-7402504721
Gujarat,Vadodara,Senior Citizen Abuse,Childline - Vadodara 96,Childline,+91-9987040056
Haryana,Panipat,Senior Citizen Abuse,Women's Helpline - Panipat 36,Women's Helpline,+91-9943390660
Karnataka,Bengaluru,Domestic Violence,District Legal Services Authority - Bengaluru 78,District Legal Services Authority,+91-9854091292
Karnataka,Mysore,Caste Discrimination,Legal Clinic - Mysore 67,Legal Clinic,+91-7203679983
West Bengal,Kolkata,Child Abuse,Childline - Kolkata 21,Childline,+91-8171875510
Tamil Nadu,Madurai,Sexual Harassment,Legal Clinic - Madurai 14,Legal Clinic,+91-7641359383
Maharashtra,Nagpur,Cyber Crime,Women's Helpline - Nagpur 90,Women's Helpline,+91-9083505698
Delhi,New Delhi,Domestic Violence,District Legal Services Authority - New Delhi 45,District Legal Services Authority,+91-9247367244
Jharkhand,Dhanbad,Domestic Violence,Cyber Helpline - Dhanbad 69,Cyber Helpline,+91-7858636003
Uttar Pradesh,Lucknow,Cyber Crime,Elder Help NGO - Lucknow 55,Elder Help NGO,+91-8451221374
Haryana,Faridabad,Sexual Harassment,District Legal Services Authority - Faridabad 56,District Legal Services Authority,+91-7234542558
Punjab,Ludhiana,Property Dispute,Elder Help NGO - Ludhiana 97,Elder Help NGO,+91-9980777064
West Bengal,Kolkata,Dowry,Legal Clinic - Kolkata 87,Legal Clinic,+91-8920875811
Tamil Nadu,Madurai,Caste Discrimination,Cyber Helpline - Madurai 17,Cyber Helpline,+91-7179746193
Madhya Pradesh,Indore,Property Dispute,Legal Clinic - Indore 72,Legal Clinic,+91-9917058702
Odisha,Bhubaneswar,Caste Discrimination,District Legal Services Authority - Bhubaneswar 4,District Legal Services Authority,+91-7641399943
Kerala,Thiruvananthapuram,Child Abuse,Women's Helpline - Thiruvananthapuram 4,Women's Helpline,+91-7124310321
Kerala,Kochi,Domestic Violence,Elder Help NGO - Kochi 8,Elder Help NGO,+91-7414465908
Rajasthan,Jodhpur,Property Dispute,Legal Aid NGO - Jodhpur 51,Legal Aid NGO,+91-7131891225
Assam,Silchar,Sexual Harassment,Cyber Helpline - Silchar 66,Cyber Helpline,+91-9512668353
West Bengal,Kolkata,Property Dispute,Childline - Kolkata 37,Childline,+91-8847857302
Delhi,New Delhi,Child Abuse,Elder Help NGO - New Delhi 48,Elder Help NGO,+91-8894811641
Odisha,Cuttack,Property Dispute,Elder Help NGO - Cuttack 60,Elder Help NGO,+91-8384647965
Uttar Pradesh,Lucknow,Dowry,Cyber Helpline - Lucknow 82,Cyber Helpline,+91-9517263677
Odisha,Bhubaneswar,Cyber Crime,Childline - Bhubaneswar 89,Childline,+91-7086419642
Punjab,Amritsar,Dowry,Legal Aid NGO - Amritsar 58,Legal Aid NGO,+91-7437302046
Rajasthan,Udaipur,Cyber Crime,Childline - Udaipur 79,Childline,+91-8792329238
Punjab,Ludhiana,Caste Discrimination,Cyber Helpline - Ludhiana 88,Cyber Helpline,+91-8348524740
Jharkhand,Ranchi,Senior Citizen Abuse,Childline - Ranchi 54,Childline,+91-7930812958
Telangana,Hyderabad,Sexual Harassment,Women's Helpline - Hyderabad 82,Women's Helpline,+91-7469062971
Rajasthan,Udaipur,Sexual Harassment,Women's Helpline - Udaipur 72,Women's Helpline,+91-7253777915
Telangana,Hyderabad,Sexual Harassment,Cyber Helpline - Hyderabad 73,Cyber Helpline,+91-7645722297
Bihar,Bhagalpur,Domestic Violence,Childline - Bhagalpur 47,Childline,+91-9988869086
Chhattisgarh,Bilaspur,Sexual Harassment,Legal Aid NGO - Bilaspur 49,Legal Aid NGO,+91-8812085267
Tamil Nadu,Coimbatore,Dowry,Legal Aid NGO - Coimbatore 61,Legal Aid NGO,+91-9985417311
Chhattisgarh,Durg,Cyber Crime,Women's Helpline - Durg 12,Women's Helpline,+91-9335725535
Assam,Silchar,Property Dispute,Childline - Silchar 85,Childline,+91-8816321400
Delhi,New Delhi,Senior Citizen Abuse,Legal Clinic - New Delhi 7,Legal Clinic,+91-8752248856
Tamil Nadu,Madurai,Dowry,Childline - Madurai 25,Childline,+91-8391982306
Kerala,Kochi,Domestic Violence,Elder Help NGO - Kochi 72,Elder Help NGO,+91-8061785391
Andhra Pradesh,Vijayawada,Cyber Crime,Cyber Helpline - Vijayawada 45,Cyber Helpline,+91-7406710910
Gujarat,Vadodara,Cyber Crime,Legal Aid NGO - Vadodara 44,Legal Aid NGO,+91-7051938006
Tamil Nadu,Chennai,Caste Discrimination,District Legal Services Authority - Chennai 81,District Legal Services Authority,+91-9220804940
Uttar Pradesh,Lucknow,Senior Citizen Abuse,Legal Clinic - Lucknow 68,Legal Clinic,+91-7006060459
Karnataka,Mysore,Cyber Crime,Legal Clinic - Mysore 87,Legal Clinic,+91-9153289663
Bihar,Bhagalpur,Child Abuse,Women's Helpline - Bhagalpur 61,Women's Helpline,+91-7897635130
Telangana,Hyderabad,Child Abuse,Women's Helpline - Hyderabad 48,Women's Helpline,+91-8377549187
Chhattisgarh,Durg,Property Dispute,Childline - Durg 67,Childline,+91-8927125155
Madhya Pradesh,Jabalpur,Property Dispute,Childline - Jabalpur 6,Childline,+91-7550885671
Gujarat,Vadodara,Domestic Violence,District Legal Services Authority - Vadodara 33,District Legal Services Authority,+91-9776865972
Odisha,Rourkela,Property Dispute,Cyber Helpline - Rourkela 55,Cyber Helpline,+91-9894461039
Andhra Pradesh,Visakhapatnam,Dowry,Women's Helpline - Visakhapatnam 18,Women's Helpline,+91-7791695409
Telangana,Warangal,Sexual Harassment,Legal Aid NGO - Warangal 65,Legal Aid NGO,+91-7548005406
Rajasthan,Udaipur,Property Dispute,Legal Clinic - Udaipur 9,Legal Clinic,+91-8506143307
Tamil Nadu,Coimbatore,Dowry,District Legal Services Authority - Coimbatore 55,District Legal Services Authority,+91-8499590043
Odisha,Rourkela,Senior Citizen Abuse,Elder Help NGO - Rourkela 69,Elder Help NGO,+91-9155657211
Andhra Pradesh,Vijayawada,Domestic Violence,Childline - Vijayawada 50,Childline,+91-9237835689
Punjab,Ludhiana,Cyber Crime,Legal Clinic - Ludhiana 91,Legal Clinic,+91-8794074537
Madhya Pradesh,Bhopal,Child Abuse,Cyber Helpline - Bhopal 88,Cyber Helpline,+91-9555497141
Assam,Silchar,Domestic Violence,Cyber Helpline - Silchar 16,Cyber Helpline,+91-7968691097
Andhra Pradesh,Vijayawada,Domestic Violence,Legal Clinic - Vijayawada 70,Legal Clinic,+91-8822862134
West Bengal,Siliguri,Caste Discrimination,Childline - Siliguri 5,Childline,+91-9831350430
Punjab,Amritsar,Cyber Crime,Elder Help NGO - Amritsar 66,Elder Help NGO,+91-8540484079
Andhra Pradesh,Visakhapatnam,Property Dispute,Legal Clinic - Visakhapatnam 78,Legal Clinic,+91-7703812911
West Bengal,Howrah,Cyber Crime,Women's Helpline - Howrah 60,Women's Helpline,+91-8249803764
Karnataka,Bengaluru,Senior Citizen Abuse,Cyber Helpline - Bengaluru 3,Cyber Helpline,+91-9177798555
Maharashtra,Pune,Domestic Violence,Women's Helpline - Pune 51,Women's Helpline,+91-7056918738
Delhi,New Delhi,Cyber Crime,Elder Help NGO - New Delhi 81,Elder Help NGO,+91-8000801414
Odisha,Bhubaneswar,Dowry,District Legal Services Authority - Bhubaneswar 47,District Legal Services Authority,+91-9862286216
Chhattisgarh,Raipur,Senior Citizen Abuse,District Legal Services Authority - Raipur 19,District Legal Services Authority,+91-7816002064
Jammu & Kashmir,Srinagar,Sexual Harassment,Elder Help NGO - Srinagar 39,Elder Help NGO,+91-8103422383
West Bengal,Siliguri,Domestic Violence,Childline - Siliguri 50,Childline,+91-7577867014
Delhi,New Delhi,Domestic Violence,Women's Helpline - New Delhi 70,Women's Helpline,+91-9852651368
Punjab,Chandigarh,Domestic Violence,Legal Clinic - Chandigarh 11,Legal Clinic,+91-9303652908
Jammu & Kashmir,Srinagar,Cyber Crime,Legal Clinic - Srinagar 33,Legal Clinic,+91-9749946853
Kerala,Kozhikode,Cyber Crime,District Legal Services Authority - Kozhikode 92,District Legal Services Authority,+91-8476030636
Kerala,Kochi,Dowry,Women's Helpline - Kochi 35,Women's Helpline,+91-9263368252
Rajasthan,Jaipur,Property Dispute,Elder Help NGO - Jaipur 61,Elder Help NGO,+91-9087314681
Telangana,Warangal,Dowry,Elder Help NGO - Warangal 42,Elder Help NGO,+91-9929871235
Delhi,New Delhi,Sexual Harassment,Childline - New Delhi 86,Childline,+91-8298566961
Haryana,Gurgaon,Cyber Crime,Women's Helpline - Gurgaon 31,Women's Helpline,+91-9154712296
Jammu & Kashmir,Srinagar,Caste Discrimination,Childline - Srinagar 90,Childline,+91-8642282628
Jammu & Kashmir,Srinagar,Sexual Harassment,Elder Help NGO - Srinagar 30,Elder Help NGO,+91-7817639118
Gujarat,Vadodara,Senior Citizen Abuse,District Legal Services Authority - Vadodara 19,District Legal Services Authority,+91-8452257610
Andhra Pradesh,Vijayawada,Domestic Violence,Legal Clinic - Vijayawada 73,Legal Clinic,+91-7178194820
Chhattisgarh,Durg,Property Dispute,Legal Aid NGO - Durg 85,Legal Aid NGO,+91-7729287019
Andhra Pradesh,Visakhapatnam,Dowry,District Legal Services Authority - Visakhapatnam 36,District Legal Services Authority,+91-9942969588
Kerala,Thiruvananthapuram,Cyber Crime,Legal Clinic - Thiruvananthapuram 93,Legal Clinic,+91-7007450784
Madhya Pradesh,Jabalpur,Domestic Violence,Women's Helpline - Jabalpur 68,Women's Helpline,+91-7468537712
Assam,Dibrugarh,Dowry,Childline - Dibrugarh 29,Childline,+91-8472747867
Madhya Pradesh,Bhopal,Domestic Violence,Legal Clinic - Bhopal 37,Legal Clinic,+91-9246884796
Jammu & Kashmir,Srinagar,Cyber Crime,District Legal Services Authority - Srinagar 81,District Legal Services Authority,+91-7534245440
West Bengal,Siliguri,Caste Discrimination,Women's Helpline - Siliguri 57,Women's Helpline,+91-7777074545
Rajasthan,Jaipur,Domestic Violence,Women's Helpline - Jaipur 19,Women's Helpline,+91-9186224148
Jharkhand,Dhanbad,Dowry,Elder Help NGO - Dhanbad 13,Elder Help NGO,+91-7345322052
West Bengal,Howrah,Sexual Harassment,Elder Help NGO - Howrah 57,Elder Help NGO,+91-7364030882
Odisha,Cuttack,Property Dispute,Elder Help NGO - Cuttack 45,Elder Help NGO,+91-8374830353
Delhi,New Delhi,Dowry,Legal Aid NGO - New Delhi 73,Legal Aid NGO,+91-8321158077
Telangana,Nizamabad,Senior Citizen Abuse,Legal Clinic - Nizamabad 35,Legal Clinic,+91-9632080488
Jammu & Kashmir,Srinagar,Domestic Violence,Childline - Srinagar 64,Childline,+91-7848142051
Punjab,Ludhiana,Domestic Violence,Legal Aid NGO - Ludhiana 99,Legal Aid NGO,+91-7808644342
Andhra Pradesh,Guntur,Cyber Crime,Legal Clinic - Guntur 29,Legal Clinic,+91-7763986179
Haryana,Gurgaon,Property Dispute,District Legal Services Authority - Gurgaon 88,District Legal Services Authority,+91-9357670623
Haryana,Gurgaon,Caste Discrimination,Cyber Helpline - Gurgaon 61,Cyber Helpline,+91-8352792932
Odisha,Bhubaneswar,Dowry,Women's Helpline - Bhubaneswar 97,Women's Helpline,+91-9487347521
Assam,Guwahati,Sexual Harassment,Legal Aid NGO - Guwahati 43,Legal Aid NGO,+91-7425647227
Andhra Pradesh,Vijayawada,Sexual Harassment,Legal Aid NGO - Vijayawada 36,Legal Aid NGO,+91-9622977442
Jharkhand,Ranchi,Domestic Violence,Legal Clinic - Ranchi 21,Legal Clinic,+91-9634038212
Maharashtra,Nagpur,Senior Citizen Abuse,District Legal Services Authority - Nagpur 94,District Legal Services Authority,+91-9777336590
Karnataka,Mangalore,Dowry,Legal Clinic - Mangalore 76,Legal Clinic,+91-9842598695
Andhra Pradesh,Visakhapatnam,Senior Citizen Abuse,Legal Aid NGO - Visakhapatnam 15,Legal Aid NGO,+91-7593738423
Haryana,Faridabad,Caste Discrimination,Childline - Faridabad 52,Childline,+91-8308384601
Karnataka,Mysore,Senior Citizen Abuse,Legal Clinic - Mysore 43,Legal Clinic,+91-9005418814
Haryana,Faridabad,Caste Discrimination,District Legal Services Authority - Faridabad 95,District Legal Services Authority,+91-7304766571
Telangana,Hyderabad,Property Dispute,Women's Helpline - Hyderabad 26,Women's Helpline,+91-8517742247
Odisha,Bhubaneswar,Sexual Harassment,Legal Clinic - Bhubaneswar 78,Legal Clinic,+91-9984573360
Assam,Guwahati,Sexual Harassment,Women's Helpline - Guwahati 32,Women's Helpline,+91-8003877944
Haryana,Gurgaon,Senior Citizen Abuse,Legal Aid NGO - Gurgaon 2,Legal Aid NGO,+91-7978858114
Kerala,Kochi,Child Abuse,Elder Help NGO - Kochi 41,Elder Help NGO,+91-9720129561
Tamil Nadu,Coimbatore,Child Abuse,Cyber Helpline - Coimbatore 90,Cyber Helpline,+91-7223873327
Maharashtra,Nagpur,Dowry,Legal Clinic - Nagpur 82,Legal Clinic,+91-8958733301
Delhi,New Delhi,Caste Discrimination,Women's Helpline - New Delhi 50,Women's Helpline,+91-7786733794
Karnataka,Mangalore,Dowry,Childline - Mangalore 92,Childline,+91-9991511920
Tamil Nadu,Coimbatore,Dowry,Women's Helpline - Coimbatore 85,Women's Helpline,+91-8191720389
Andhra Pradesh,Visakhapatnam,Property Dispute,Legal Clinic - Visakhapatnam 54,Legal Clinic,+91-7010319345
Tamil Nadu,Madurai,Caste Discrimination,Legal Aid NGO - Madurai 53,Legal Aid NGO,+91-9114821500
Assam,Guwahati,Cyber Crime,Legal Aid NGO - Guwahati 47,Legal Aid NGO,+91-7549367812
Maharashtra,Nagpur,Dowry,District Legal Services Authority - Nagpur 8,District Legal Services Authority,+91-9812283620
Maharashtra,Nagpur,Dowry,Cyber Helpline - Nagpur 78,Cyber Helpline,+91-7880630951
Uttar Pradesh,Varanasi,Cyber Crime,Legal Clinic - Varanasi 97,Legal Clinic,+91-7840983683
Andhra Pradesh,Visakhapatnam,Property Dispute,Elder Help NGO - Visakhapatnam 99,Elder Help NGO,+91-8153642354
Telangana,Warangal,Dowry,District Legal Services Authority - Warangal 15,District Legal Services Authority,+91-7670065037
Uttar Pradesh,Lucknow,Senior Citizen Abuse,Legal Aid NGO - Lucknow 21,Legal Aid NGO,+91-7734212596
Bihar,Bhagalpur,Child Abuse,Legal Clinic - Bhagalpur 31,Legal Clinic,+91-9107865076
Jammu & Kashmir,Jammu,Property Dispute,Childline - Jammu 53,Childline,+91-9720967972
Telangana,Nizamabad,Senior Citizen Abuse,Legal Aid NGO - Nizamabad 60,Legal Aid NGO,+91-7853051737
Uttar Pradesh,Kanpur,Senior Citizen Abuse,Legal Clinic - Kanpur 31,Legal Clinic,+91-9658815256
Haryana,Gurgaon,Dowry,Cyber Helpline - Gurgaon 28,Cyber Helpline,+91-8182896306
Chhattisgarh,Durg,Domestic Violence,District Legal Services Authority - Durg 30,District Legal Services Authority,+91-8721260723
Andhra Pradesh,Guntur,Sexual Harassment,Legal Aid NGO - Guntur 70,Legal Aid NGO,+91-9510717180
Assam,Dibrugarh,Cyber Crime,Childline - Dibrugarh 17,Childline,+91-7320903899
Jharkhand,Dhanbad,Child Abuse,Women's Helpline - Dhanbad 94,Women's Helpline,+91-8793045877
Jharkhand,Ranchi,Property Dispute,Legal Clinic - Ranchi 15,Legal Clinic,+91-9149475562
Chhattisgarh,Durg,Caste Discrimination,Legal Clinic - Durg 76,Legal Clinic,+91-9496631629
Tamil Nadu,Chennai,Child Abuse,Elder Help NGO - Chennai 23,Elder Help NGO,+91-8179668062
Madhya Pradesh,Bhopal,Sexual Harassment,Elder Help NGO - Bhopal 81,Elder Help NGO,+91-8534661915
West Bengal,Siliguri,Cyber Crime,District Legal Services Authority - Siliguri 6,District Legal Services Authority,+91-9013249922
Gujarat,Ahmedabad,Property Dispute,Legal Clinic - Ahmedabad 35,Legal Clinic,+91-9969503431
Delhi,New Delhi,Caste Discrimination,Legal Clinic - New Delhi 89,Legal Clinic,+91-9065252230
Gujarat,Ahmedabad,Domestic Violence,Legal Clinic - Ahmedabad 81,Legal Clinic,+91-7487830796
Kerala,Kochi,Domestic Violence,Cyber Helpline - Kochi 50,Cyber Helpline,+91-9639295415
Haryana,Gurgaon,Cyber Crime,Elder Help NGO - Gurgaon 22,Elder Help NGO,+91-7775215311
Tamil Nadu,Coimbatore,Senior Citizen Abuse,District Legal Services Authority - Coimbatore 79,District Legal Services Authority,+91-9550521442
Telangana,Nizamabad,Dowry,Legal Clinic - Nizamabad 73,Legal Clinic,+91-9973481862
Jharkhand,Jamshedpur,Child Abuse,District Legal Services Authority - Jamshedpur 28,District Legal Services Authority,+91-9496167946
Kerala,Thiruvananthapuram,Sexual Harassment,Childline - Thiruvananthapuram 69,Childline,+91-8349604092
Haryana,Gurgaon,Domestic Violence,Women's Helpline - Gurgaon 70,Women's Helpline,+91-9067896233
Jharkhand,Jamshedpur,Senior Citizen Abuse,District Legal Services Authority - Jamshedpur 51,District Legal Services Authority,+91-8291880568
Andhra Pradesh,Visakhapatnam,Caste Discrimination,Cyber Helpline - Visakhapatnam 51,Cyber Helpline,+91-9456072610
Tamil Nadu,Madurai,Dowry,Legal Aid NGO - Madurai 80,Legal Aid NGO,+91-8709263962
Maharashtra,Pune,Caste Discrimination,District Legal Services Authority - Pune 39,District Legal Services Authority,+91-7939596124
Uttar Pradesh,Lucknow,Sexual Harassment,Legal Aid NGO - Lucknow 90,Legal Aid NGO,+91-9659380354
Haryana,Panipat,Child Abuse,Legal Aid NGO - Panipat 1,Legal Aid NGO,+91-8541235930
Tamil Nadu,Chennai,Child Abuse,Legal Clinic - Chennai 37,Legal Clinic,+91-8077169424
Chhattisgarh,Bilaspur,Domestic Violence,Elder Help NGO - Bilaspur 94,Elder Help NGO,+91-7369272476
Bihar,Patna,Sexual Harassment,District Legal Services Authority - Patna 22,District Legal Services Authority,+91-8956234104
Haryana,Panipat,Senior Citizen Abuse,Childline - Panipat 31,Childline,+91-9656356175
Odisha,Bhubaneswar,Dowry,Elder Help NGO - Bhubaneswar 55,Elder Help NGO,+91-7890181030
Andhra Pradesh,Visakhapatnam,Child Abuse,Cyber Helpline - Visakhapatnam 61,Cyber Helpline,+91-7818612682
Madhya Pradesh,Bhopal,Dowry,Legal Clinic - Bhopal 95,Legal Clinic,+91-7418521829
Bihar,Bhagalpur,Child Abuse,Legal Clinic - Bhagalpur 23,Legal Clinic,+91-9650780947
Gujarat,Ahmedabad,Sexual Harassment,District Legal Services Authority - Ahmedabad 20,District Legal Services Authority,+91-9914566845
Odisha,Cuttack,Caste Discrimination,Childline - Cuttack 97,Childline,+91-9694133565
Delhi,New Delhi,Sexual Harassment,Women's Helpline - New Delhi 2,Women's Helpline,+91-8768673931
Tamil Nadu,Madurai,Sexual Harassment,Legal Clinic - Madurai 72,Legal Clinic,+91-8879398743
Tamil Nadu,Coimbatore,Property Dispute,Legal Clinic - Coimbatore 95,Legal Clinic,+91-7723269308
Odisha,Bhubaneswar,Dowry,Elder Help NGO - Bhubaneswar 90,Elder Help NGO,+91-8426923147
Maharashtra,Nagpur,Domestic Violence,Legal Aid NGO - Nagpur 24,Legal Aid NGO,+91-7673755024
Andhra Pradesh,Guntur,Domestic Violence,Elder Help NGO - Guntur 60,Elder Help NGO,+91-7248719367
Bihar,Patna,Domestic Violence,Childline - Patna 39,Childline,+91-7402279955
Madhya Pradesh,Indore,Child Abuse,Legal Clinic - Indore 36,Legal Clinic,+91-9897543552
Gujarat,Vadodara,Caste Discrimination,Women's Helpline - Vadodara 67,Women's Helpline,+91-7757368936
Andhra Pradesh,Visakhapatnam,Senior Citizen Abuse,Legal Clinic - Visakhapatnam 16,Legal Clinic,+91-9524781810
Telangana,Hyderabad,Cyber Crime,Legal Clinic - Hyderabad 81,Legal Clinic,+91-7984221839
Delhi,New Delhi,Dowry,Legal Clinic - New Delhi 97,Legal Clinic,+91-9018901358
Haryana,Panipat,Caste Discrimination,Legal Clinic - Panipat 37,Legal Clinic,+91-7121181168
Karnataka,Mangalore,Cyber Crime,Legal Clinic - Mangalore 4,Legal Clinic,+91-8598713793
Chhattisgarh,Raipur,Caste Discrimination,Women's Helpline - Raipur 43,Women's Helpline,+91-8767633016
Andhra Pradesh,Visakhapatnam,Domestic Violence,Childline - Visakhapatnam 48,Childline,+91-7210615948
Tamil Nadu,Madurai,Caste Discrimination,District Legal Services Authority - Madurai 76,District Legal Services Authority,+91-8063980410
Maharashtra,Nagpur,Senior Citizen Abuse,Elder Help NGO - Nagpur 84,Elder Help NGO,+91-7273236668
Tamil Nadu,Madurai,Sexual Harassment,Childline - Madurai 65,Childline,+91-9045962784
Andhra Pradesh,Guntur,Sexual Harassment,Legal Aid NGO - Guntur 78,Legal Aid NGO,+91-8027638980
Punjab,Chandigarh,Sexual Harassment,District Legal Services Authority - Chandigarh 72,District Legal Services Authority,+91-7592851714
Karnataka,Mangalore,Caste Discrimination,Elder Help NGO - Mangalore 28,Elder Help NGO,+91-8513947899
Assam,Guwahati,Domestic Violence,Women's Helpline - Guwahati 53,Women's Helpline,+91-9737904575
Jammu & Kashmir,Srinagar,Property Dispute,Elder Help NGO - Srinagar 53,Elder Help NGO,+91-7589655105
Chhattisgarh,Bilaspur,Child Abuse,Legal Aid NGO - Bilaspur 84,Legal Aid NGO,+91-7167578877
Tamil Nadu,Chennai,Domestic Violence,Legal Clinic - Chennai 2,Legal Clinic,+91-8735332087
Assam,Guwahati,Domestic Violence,Elder Help NGO - Guwahati 4,Elder Help NGO,+91-7422367838
Uttar Pradesh,Lucknow,Cyber Crime,Legal Aid NGO - Lucknow 71,Legal Aid NGO,+91-8197341999
Delhi,New Delhi,Cyber Crime,Women's Helpline - New Delhi 60,Women's Helpline,+91-9288130976
Chhattisgarh,Raipur,Child Abuse,Legal Aid NGO - Raipur 55,Legal Aid NGO,+91-7113184323
Karnataka,Mangalore,Dowry,Cyber Helpline - Mangalore 51,Cyber Helpline,+91-7075237910
Kerala,Thiruvananthapuram,Dowry,Legal Clinic - Thiruvananthapuram 42,Legal Clinic,+91-9187631858
Jammu & Kashmir,Srinagar,Senior Citizen Abuse,District Legal Services Authority - Srinagar 35,District Legal Services Authority,+91-7387101773
Uttar Pradesh,Varanasi,Child Abuse,Legal Aid NGO - Varanasi 85,Legal Aid NGO,+91-9265748873
Tamil Nadu,Chennai,Cyber Crime,Elder Help NGO - Chennai 86,Elder Help NGO,+91-7888327265
Karnataka,Mysore,Senior Citizen Abuse,Elder Help NGO - Mysore 96,Elder Help NGO,+91-8338802850
Gujarat,Surat,Child Abuse,Legal Aid NGO - Surat 48,Legal Aid NGO,+91-9581351964
Madhya Pradesh,Indore,Dowry,Childline - Indore 53,Childline,+91-7160655845
Assam,Dibrugarh,Dowry,Childline - Dibrugarh 98,Childline,+91-8083985759
Kerala,Kochi,Property Dispute,Legal Aid NGO - Kochi 98,Legal Aid NGO,+91-9622269684
Haryana,Faridabad,Property Dispute,Legal Aid NGO - Faridabad 22,Legal Aid NGO,+91-7159012520
Chhattisgarh,Durg,Child Abuse,Cyber Helpline - Durg 69,Cyber Helpline,+91-9214387087
Haryana,Faridabad,Sexual Harassment,Childline - Faridabad 14,Childline,+91-8025116622
Assam,Guwahati,Caste Discrimination,Childline - Guwahati 33,Childline,+91-7305653153
West Bengal,Howrah,Dowry,Childline - Howrah 1,Childline,+91-9996724549
Chhattisgarh,Raipur,Senior Citizen Abuse,Women's Helpline - Raipur 13,Women's Helpline,+91-7609014936
Uttar Pradesh,Lucknow,Child Abuse,Cyber Helpline - Lucknow 76,Cyber Helpline,+91-8408002850
West Bengal,Kolkata,Child Abuse,Childline - Kolkata 19,Childline,+91-9784311115
Jharkhand,Dhanbad,Child Abuse,Cyber Helpline - Dhanbad 51,Cyber Helpline,+91-8002443417
Chhattisgarh,Raipur,Senior Citizen Abuse,Women's Helpline - Raipur 17,Women's Helpline,+91-9054458518
Telangana,Nizamabad,Dowry,Cyber Helpline - Nizamabad 72,Cyber Helpline,+91-7758325762
Chhattisgarh,Raipur,Child Abuse,District Legal Services Authority - Raipur 93,District Legal Services Authority,+91-9273370815
Kerala,Kozhikode,Property Dispute,Cyber Helpline - Kozhikode 29,Cyber Helpline,+91-8438759916
Telangana,Hyderabad,Property Dispute,Legal Aid NGO - Hyderabad 27,Legal Aid NGO,+91-8858044763
Haryana,Gurgaon,Property Dispute,Women's Helpline - Gurgaon 24,Women's Helpline,+91-8426624238
West Bengal,Howrah,Caste Discrimination,Legal Clinic - Howrah 74,Legal Clinic,+91-9625576186
Jharkhand,Jamshedpur,Cyber Crime,Legal Aid NGO - Jamshedpur 69,Legal Aid NGO,+91-8254997825
Jammu & Kashmir,Srinagar,Child Abuse,Women's Helpline - Srinagar 74,Women's Helpline,+91-8492528870
Maharashtra,Nagpur,Dowry,District Legal Services Authority - Nagpur 60,District Legal Services Authority,+91-9725951637
Maharashtra,Nagpur,Domestic Violence,Women's Helpline - Nagpur 72,Women's Helpline,+91-9486633219
Jammu & Kashmir,Srinagar,Cyber Crime,Legal Clinic - Srinagar 5,Legal Clinic,+91-9901840399
Jharkhand,Ranchi,Domestic Violence,Legal Clinic - Ranchi 67,Legal Clinic,+91-7966588042
Andhra Pradesh,Visakhapatnam,Cyber Crime,Cyber Helpline - Visakhapatnam 43,Cyber Helpline,+91-7446907778
Jammu & Kashmir,Srinagar,Caste Discrimination,Childline - Srinagar 56,Childline,+91-9678149529
Madhya Pradesh,Bhopal,Dowry,Elder Help NGO - Bhopal 46,Elder Help NGO,+91-9093021519
Haryana,Panipat,Child Abuse,Elder Help NGO - Panipat 80,Elder Help NGO,+91-7089454091
Delhi,New Delhi,Sexual Harassment,Women's Helpline - New Delhi 17,Women's Helpline,+91-9298325581
Odisha,Bhubaneswar,Caste Discrimination,District Legal Services Authority - Bhubaneswar 60,District Legal Services Authority,+91-7127368741
Karnataka,Mysore,Caste Discrimination,Cyber Helpline - Mysore 45,Cyber Helpline,+91-8377418901
Madhya Pradesh,Jabalpur,Sexual Harassment,Legal Clinic - Jabalpur 49,Legal Clinic,+91-9249278234
Odisha,Bhubaneswar,Cyber Crime,Elder Help NGO - Bhubaneswar 9,Elder Help NGO,+91-9346787734
Maharashtra,Nagpur,Caste Discrimination,Cyber Helpline - Nagpur 48,Cyber Helpline,+91-9242509135
Kerala,Kozhikode,Dowry,Women's Helpline - Kozhikode 58,Women's Helpline,+91-9547365807
Jammu & Kashmir,Srinagar,Domestic Violence,Cyber Helpline - Srinagar 82,Cyber Helpline,+91-7500198497
Delhi,New Delhi,Sexual Harassment,District Legal Services Authority - New Delhi 93,District Legal Services Authority,+91-8923210131
Madhya Pradesh,Bhopal,Sexual Harassment,District Legal Services Authority - Bhopal 87,District Legal Services Authority,+91-8839940490
Uttar Pradesh,Varanasi,Domestic Violence,Cyber Helpline - Varanasi 15,Cyber Helpline,+91-9823195398
Assam,Dibrugarh,Domestic Violence,Childline - Dibrugarh 57,Childline,+91-9786059722
Odisha,Cuttack,Property Dispute,Cyber Helpline - Cuttack 97,Cyber Helpline,+91-8574173020
Haryana,Gurgaon,Caste Discrimination,Women's Helpline - Gurgaon 23,Women's Helpline,+91-9158023862
Haryana,Faridabad,Sexual Harassment,Cyber Helpline - Faridabad 79,Cyber Helpline,+91-7574575188
Delhi,New Delhi,Senior Citizen Abuse,Legal Aid NGO - New Delhi 97,Legal Aid NGO,+91-9681798469
